,en_text,fa_text,LLM_translation
0,how about a librarian? they're cool.,نظرت درمورد کتابدار چیه؟ خیلی خوبن,نظرت درباره یک کتابدار چیه؟ اونا باحالن..
1,"i'm sorry miss kamen, but i can't do that.",خانم کمین ببخشید ولی نمیشه,متاسفم خانم کامن، ولی نمی‌تونم این کارو بکنم.
2,cloud microphysics. - guys.,میکروفیزیک ابر - بچه‌ها -,ریزفیزیک ابرها. - بچه‌ها
3,they're skating. - and someone complained?,- اونا اسکیت بازی میکنن - و کسی شکایت کرده؟,اون‌ها دارن اسکیت بازی می‌کنن. - و یکی شکایت کرده؟
4,can you tell me what's going on?,میشه بهم بگی چه خبره؟,میشه بهم بگی چه خبره؟
5,just keep the baby instead?,بچه رو به جاش نگه دارم؟,مگه بچه رو نگه نمی‌داریم؟
6,let's get our data.,بریم داده‌هامون رو جمع کنیم,بیا داده‌هامون رو برداریم.
7,"it's been fun though, right?",ولی خوش گذشت. نه؟,آره ولی خوش گذشت، نه؟
8,grapefruit!,! گریپ‌فروت‌ه,گریپ‌فروت!
9,of course.,حتما,البته..
10,"well, they use the earth portal.",خب، از پورتال (= دروازه) زمینی استفاده میکنن,خب، اونا از درگاه زمین استفاده می‌کنن..
11,"dad, i don't wanna go.",بابا، نمیخوام برم,بابا، نمی‌خوام برم...
12,and we look stupid.,و ما مثل احمق‌ها جلوه می‌کنیم,و احمق به نظر میایم...
13,your purposes. your meanings of life. so basic.,هدف تو، معنی زندگیته خیلی ساده,هدفت. معنی زندگیت. خیلی ابتدایی...
14,"kate, this is... this is marshall riggs.",کیت، ایشون …ایشون مارشال ریگز هستن,کِیت، این... این مارشال ریگزه.
15,whoa! hey!,اوه، هی,وای!هی!
16,where? - fox crest condo complex. it's really good money.,کجا؟ - «مجتمع» فاکس کریستی کوندو- واقعا پول خوبی معدن,کجا؟ - مجتمع آپارتمانی فاکس کرست. پولش خیلی خوبه.
17,"keep going! all right, you got her?",! برید - خیلی‌خب، گرفتیش؟ -,ادامه بده! خب، بهش رسیدی؟
18,this is a piece of chandelier. this is a crystal.,. این یه قسمت از لوستره این یه کریستاله,این یه تیکه از چلچراغه. اینم کریستاله.
19,do you have anything that can help us?,چیزی داری که به کمک‌مون بیاد؟,چیزی داری که بتونه کمکمون کنه؟
20,maybe you will find their spark,شاید شما بتونید جرقه شون رو پیدا کنید,شاید جرقه‌شونو پیدا کنی.
21,whoa!,! وای,ای بابا!
22,"oh, yeah, thanks. thanks, man.",اوه، اره، ممنون ممنون مرد,آره، مرسی. مرسی، داداش.
23,jovan talked some guy into buying the moon for him.,جوان یکی رو راضی کرد براش ماه بهره,جووان یه نفر رو راضی کرد که ماه رو براش بخره.
24,kate!,! کیت,کیت!
25,we made it! this is going to work.,ما توانستیم داریم موفق میشیم,ما موفق شدیم! این قراره جواب بده.
26,"that belong in the back of the mind,",جاش ته ذهنه,که ته ذهن آدم می‌مونه.
27,"oh, jesus.",ای خدا,وای، عیسی...
28,"come on, come on! you got to go! it's here!",! زودباشید، زودباشید! باید برید! گردباد رسید,بدو، بدو! باید بری! اومده!
29,you are not all that.,انقدر هم خوب نیستی,تو اونقدرها هم عالی نیستی.
30,"well, maybe,",خوب شاید,"خب، شاید,."
31,"riley, what are you talking about?",رایلی، از چی حرف می‌زنی؟,رایلی، چی میگی؟
32,"well, actually, that does sound kinda nice.",راستش ایده‌ی خوبیه,خب، راستش، این یه جورایی خوب به نظر میاد..
33,"i'm sorry. what was that, officer?",ببخشید چه گفتن جناب افسر؟,ببخشید، چی گفتین، آقای پلیس؟
34,we show them we're a fire hawk who will do whatever it takes.,بهشون نشون می‌دیم ما شاهین اتشینی هستیم که هرکاری لازم باشه می‌کنیم,بهشون نشون می‌دیم که ما یه شاهین آتیشی هستیم و هر کاری لازم باشه انجام می‌دیم.
35,"turns out, there's more to this story than i thought.",ظاهرا داستان از اون چیزی که فکر می‌کردم، پیچیده‌تره,انگار قضیه بیشتر از اونیه که فکر می‌کردم..
36,"well, didn't throw you off the scent.",خب، تو رو گمراه نکردم که,خب، گولت نزد؟
37,hi. - he's okay.,سلام- خوبه-,سلام. - خوبه.
38,maybe i will. - wonderful.,شاید بکنم - عالیه -,شاید انجام بدم. - عالیه..
39,what? -she knows better than that.,چی؟ - اون عاقل‌تر از این حرف‌هاست -,چی؟ - اون بهتر از اینا می‌دونه.
40,"and you lean on me, 'cause i'm gonna take you.",",و بهم تکیه کن. چونکه میبرمت",به من تکیه کن، چون می‌خوام تورو ببرم...
41,"you know, life and all.",می‌دونی، به‌خاطر زندگی و مشکلات,می‌دونی، زندگی و این چیزا..
42,this is the moment where i fell in love with jazz.,این لحظه‌ای بود که من عاشق موسیقی جاز شدم,این لحظه‌ای بود که عاشق جَز شدم..
43,remember leigh had all these plans about getting married under the arbor?,یادت میاد لی اون همه نقشه برای ازدواج زیر این تاکستان رو؟,یادت هست لی کلی برنامه داشت که زیر سقف گل ازدواج کنه؟
44,yep. i'm aware.,اره، خبر دارم,آره، می‌دونم..
45,subtitles by explosiveskull,: ترجمه از Overhaul,زیرنویس‌ها از explosiveskull.
46,no way! i am not moving!,! نمیشه! من از اینجا تکون نمی‌خورم,عمراً! من تکون نمی‌خورم!
47,run!,! فرار کن,بدو!
48,guys...,…بچه‌ها,بچه‌ها...
49,anchors away!,! لنگر‌ها بالا,لنگرها بالا!
50,"remember, we agreed not to make a big deal about this.",یادتون باشه، قرار بود زیادی گنده‌ش نکنیم,یادت باشه، قرار گذاشتیم سخت نگیریم این قضیه رو..
51,"i have, like, 400 from helping my dad around here.",من حدود ۴۰۰ تا برای کمک کردن به پدرم دارم,یه چیزی حدود ۴۰۰ تا دارم، از کمک کردن به بابام این دور و برا..
52,"uh, look, my mom has her own definition of what success is,",اوه ببین، مامانم تعریف خودشو از موفقیت داره,اه، ببین، مامان من تعریف خودش رو از موفقیت داره.
53,truth or dare?,حقیقت یا شجاعت؟,راستشو بگو یا جرأت داری؟
54,how do you know? - how do i know about anything?,از کجا میدونی؟ همونجور که بقیه چیزا رو میدونم,چطور می‌دونی؟ - اصلاً من از کجا بدونم؟
55,most people.,اکثر مردم,بیشتر آدما...
56,and for what?,اونم برای چی؟,و واسه چی؟
57,let's cut these guys off.,بیاید ازشون رد بشیم,بیا این یاروها رو دور بزنیم.
58,"wow. nice work. - well, who is it?",افرین کارت خوب بود - حالا کی هست؟ -,وای. کارت درسته. - خب، کیه؟
59,do you find that to be true?,به نظرت همینطوره؟,آیا به نظرت این درسته؟
60,"listen. - okay,",گوش کن- باشه-,"گوش کن. - باشه,."
61,what is she doing?,داره چی کار می‌کنه؟,داره چی کار می‌کنه؟
62,what the fuck is wrong with her?,چه مرگشه؟,چه مرگشه؟
63,"we're there! -thank you,",حتما میایم - ممنون -,رسیدیم! - مرسی
64,and i'll spare the life of the baby.,و از جون بچه می‌گذرم,و من جون بچه رو نجات میدم...
65,you know what that's gonna say? joe gardner!,میدونی میخواد چی بگه؟! جو گاردنر,می‌دونی چی قراره اونجا بنویسه؟ جو گاردنر!
66,hey.,هی,هی..
67,todd's gonna stay with me until he finds a place.,تاد «با من میمونه». تا وقتیکه یه جا پیدا کنه,تاد پیش من می‌مونه تا یه جا پیدا کنه.
68,"go, go, go, go, go!",! برو، برو، برو، برو، برو,برو برو برو برو برو!
69,i'm mixing.,دارم مخلوط می‌کنم,دارم قاطی میکنم...
70,"and maybe you can listen to it and tell me to quit after, okay?",و شاید بتونید گوش کنید و بعدش بهم بگید انصراف بدم، باشه؟,شاید می‌تونی گوش بدی و بهم بگی بعدش باید بیخیالش بشم، قبوله؟
71,"whose mothers smoked weed during utero,",و مادر‌هایی که توی دوران جنینی بچشون علف میکشیدن,ماماناشون وقتی حامله بودن، علف می‌کشیدن.
72,even better than the cows.,حتی بهتر از گاوها,حتی بهتر از گاوها..
73,"[ stammers ] what does this remind me of, mel?",چرا این منو یاد مل «میندازه؟»,[ با تته‌پته ] این منو یاد چی می‌اندازه، مل؟
74,over my dead flaming body!,مگه از روی جنازه‌م رد شی,رو جنازه‌م!
75,look! there i am.,! ببین من اونجام,نگاه کن! من اونجام..
76,so we gotta chop chop.,پس باید بجنگیم,باید عجله کنیم..
77,"this bitch keeps fucking around,",اگه این زنیکه مسخره‌بازی شو ادامه بده,این دختره هی داره چرت و پرت می‌بافه.
78,mm-hmm.,اوهوم,اوهوم..
79,"i mean, you'd have to",…باید,منظورم اینه که، باید این کارو بکنی.
80,"tornado wranglers. - tornado wranglers, baby.",گردبادکش‌های حرفه‌ای هستیم -! گردبادکش، عزیزم -,رام‌کننده‌های گردباد. - رام‌کننده‌های گردباد، عزیزم.
81,"riley, i'm open. pass it, pass it!",. رایلی، من خالی‌ام پاس بده، پاس بده,رایلی، من خالی‌ام. پاس بده، پاس بده!
82,leave her alone.,ولش کنین,ولش کن..
83,now it's your turn to help us.,حالا نوبت شماست که کمک‌مون کنید,الان نوبت توئه که بهمون کمک کنی..
84,"forget 'em! -no, no, no, i can find her.",بی‌خیال‌شون - نه، می‌تونم پیداش کنم -,بی‌خیالشون شو! -نه، نه، نه، می‌تونم پیداش کنم..
85,"no, no, no, no.",". نه,نه,نه,نه",نه، نه، نه، نه...
86,we can't let her do this to riley.,نباید بذاریم همچین بلایی سر ریالی بیاره,نمی‌تونیم بذاریم این کار رو با رایلی بکنه.
87,"we lost your radar, javi. you got eyes on the tornado?",رادار تو رو از دست دادیم حاوی گردباد رو می‌بینی؟,رادار تو از دست دادیم، جاوی. تورنادو رو می‌بینی؟
88,you get what it takes to be the best.,تو توانایی درخشیدن رو داری,تو اون چيزی که برای بهترين بودن لازمه رو داری.
89,and she's nice to stray cats.,تازه با گربه‌های ولگرد هم رفتار خوبی داره,و با گربه‌های ولگرد مهربونه.
90,"i long to be a hero,",من ارزوی قهرمان بودن رو دارم,خیلی دوست دارم قهرمان بشم.
91,"yeah, feels like it's a little sticky. - oh, no.",اره، به‌نظر میاد چسبیده - اوه نه -,آره، یه جورایی چسبناک به نظر میاد. - اوه، نه...
92,look at that. look at tintin.,اینو ببین تینتین رو ببین,نگاه کن اونجا رو. به تن‌تن نگاه کن.
93,"uh, mrs. rosenberg had a family vacation on the books",خانم روزنبرگ چندین ماهه که,اِاا، خانم روزنبرگ یک مسافرت خانوادگی تو برنامه‌ش داشت.
94,what? you're paranoid.,چی؟ شکاک شدی بابا,چی؟ تو پارانویا داری...
95,he told me about all those late night meetings,در مورد اون همه جلسات شبانه,به من گفت در مورد اون جلسه‌های آخر شب.
96,"you need a ride to work, you got to get going now.",اگه میخوای با ماشین برسونمت بر سر کار همین الان باید بلند شی,اگه می‌خوای بری سر کار، الان باید راه بیفتی.
97,"come on, buddy.",بیا رفیق,بیا دیگه، رفیق..
98,you need this to happen,تو خودت از هر کس دیگه‌ای,تو نیاز داری که این اتفاق بیفته.
99,then we'll divide into teams.,بعدش تیم‌بندی می‌کنیم,بعدش تیم‌ بندی می‌کنیم.
