,en_text,fa_text,T5_translation
0,how about a librarian? they're cool.,نظرت درمورد کتابدار چیه؟ خیلی خوبن,نظریه در مورد کتابدار چیه؟ خیلی خوبه؟
1,"i'm sorry miss kamen, but i can't do that.",خانم کمین ببخشید ولی نمیشه,خانم کوین، ببخشید، ولی ممکنه
2,cloud microphysics. - guys.,میکروفیزیک ابر - بچه‌ها -,چشمه ی سمی سکو - بچه ها -
3,they're skating. - and someone complained?,- اونا اسکیت بازی میکنن - و کسی شکایت کرده؟,- اونا بازی اسکیت را شروع می کنند؟ - و کس دیگری شکست خورده؟
4,can you tell me what's going on?,میشه بهم بگی چه خبره؟,ایا باید به گم گیو چه خبره؟
5,just keep the baby instead?,بچه رو به جاش نگه دارم؟,بچه رو به جاش ببر ؟
6,let's get our data.,بریم داده‌هامون رو جمع کنیم,بریم داده هامون رو جمع کنیم
7,"it's been fun though, right?",ولی خوش گذشت. نه؟,ولی خوشحالم که باید سفر کنم نه؟
8,grapefruit!,! گریپ‌فروت‌ه,گریپ فرویت
9,of course.,حتما,حتما
10,"well, they use the earth portal.",خب، از پورتال (= دروازه) زمینی استفاده میکنن,خوب، از دفتر مرکزی یعنی درویدا، زمین از طرف مرکزی استفاده می کند
11,"dad, i don't wanna go.",بابا، نمیخوام برم,بابا، نمی خوام برم
12,and we look stupid.,و ما مثل احمق‌ها جلوه می‌کنیم,و ما مثل احمقها از اینجا جلو میریم
13,your purposes. your meanings of life. so basic.,هدف تو، معنی زندگیته خیلی ساده,هدف تو، یعنی زندگی خیلی ساده است
14,"kate, this is... this is marshall riggs.",کیت، ایشون …ایشون مارشال ریگز هستن,کیسه، اونها ... اوون مارشال ریف اهل دنیاست
15,whoa! hey!,اوه، هی,اه، هی
16,where? - fox crest condo complex. it's really good money.,کجا؟ - «مجتمع» فاکس کریستی کوندو- واقعا پول خوبی معدن,کجا؟ - «مجتمع» - «فاکس کریسی کودو - واقعا معدن خوبی است
17,"keep going! all right, you got her?",! برید - خیلی‌خب، گرفتیش؟ -,برید - خیلی خب، گرفتوش؟ -
18,this is a piece of chandelier. this is a crystal.,. این یه قسمت از لوستره این یه کریستاله,این قسمتی از لوتراس این قسمت از سیرتا است
19,do you have anything that can help us?,چیزی داری که به کمک‌مون بیاد؟,چیزی داری که به کمک مون بینگ ان برسی؟
20,maybe you will find their spark,شاید شما بتونید جرقه شون رو پیدا کنید,شاید بتوانید گوربه گور را پيدا کنید
21,whoa!,! وای,! بله
22,"oh, yeah, thanks. thanks, man.",اوه، اره، ممنون ممنون مرد,اه، اره، متشکرم، متشکرم مرد
23,jovan talked some guy into buying the moon for him.,جوان یکی رو راضی کرد براش ماه بهره,یکی از این دو نفر نیز به خاطر ماه ظاهرا افسرده شد
24,kate!,! کیت,کیی
25,we made it! this is going to work.,ما توانستیم داریم موفق میشیم,ما می توانیم کاری کنیم که ما را به موفقیت برسانیم
26,"that belong in the back of the mind,",جاش ته ذهنه,ذهن ات را جا بزن
27,"oh, jesus.",ای خدا,خدای من
28,"come on, come on! you got to go! it's here!",! زودباشید، زودباشید! باید برید! گردباد رسید,زود باش، زود باش، زود باش، زود باش، باید برید، گردباد برسد
29,you are not all that.,انقدر هم خوب نیستی,خوب نیست
30,"well, maybe,",خوب شاید,خوبه، شاید
31,"riley, what are you talking about?",رایلی، از چی حرف می‌زنی؟,رایلی، از چی حرف می زنم؟
32,"well, actually, that does sound kinda nice.",راستش ایده‌ی خوبیه,راستش، راه خوبیه
33,"i'm sorry. what was that, officer?",ببخشید چه گفتن جناب افسر؟,ببخشید چه حرفی زدی اقای افسر؟
34,we show them we're a fire hawk who will do whatever it takes.,بهشون نشون می‌دیم ما شاهین اتشینی هستیم که هرکاری لازم باشه می‌کنیم,بهشون نگفتیم ما شاهزاده ی هیجان زده هستیم که هر کاری لازم باشه، ما باید انجام بدیم
35,"turns out, there's more to this story than i thought.",ظاهرا داستان از اون چیزی که فکر می‌کردم، پیچیده‌تره,ظاهرا داستانی از اون چیزی که من فکر می کردم، تره ی قابل توجه
36,"well, didn't throw you off the scent.",خب، تو رو گمراه نکردم که,خوب، من دارم از خودم می پرسم
37,hi. - he's okay.,سلام- خوبه-,خوبه
38,maybe i will. - wonderful.,شاید بکنم - عالیه -,- عالیجناب -
39,what? -she knows better than that.,چی؟ - اون عاقل‌تر از این حرف‌هاست -,چی؟ - اون احمقه تره -
40,"and you lean on me, 'cause i'm gonna take you.",",و بهم تکیه کن. چونکه میبرمت",بهم گوش بده، چون من حرفم را قطع می کنم
41,"you know, life and all.",می‌دونی، به‌خاطر زندگی و مشکلات,مین، به خاطر زندگی و مشکلات
42,this is the moment where i fell in love with jazz.,این لحظه‌ای بود که من عاشق موسیقی جاز شدم,همان لحظه ای که من عاشق موسیقی اسپ شدم
43,remember leigh had all these plans about getting married under the arbor?,یادت میاد لی اون همه نقشه برای ازدواج زیر این تاکستان رو؟,یادت میاد لی، نقشه های ازدواج در طول این کشور را یادت میاد؟
44,yep. i'm aware.,اره، خبر دارم,اره، خبر منم
45,subtitles by explosiveskull,: ترجمه از Overhaul,ترجمه از تعمیرگاه
46,no way! i am not moving!,! نمیشه! من از اینجا تکون نمی‌خورم,! نمیشه، من از اینجا سیر نمی شوم
47,run!,! فرار کن,زود باش
48,guys...,…بچه‌ها,عجب
49,anchors away!,! لنگر‌ها بالا,راننده ها بالا
50,"remember, we agreed not to make a big deal about this.",یادتون باشه، قرار بود زیادی گنده‌ش نکنیم,خوب، فکر می کنم، باید کمی گم گور گم کنم
51,"i have, like, 400 from helping my dad around here.",من حدود ۴۰۰ تا برای کمک کردن به پدرم دارم,من حدود ۴۰۰ تا برای کمک به پدربزرگم
52,"uh, look, my mom has her own definition of what success is,",اوه ببین، مامانم تعریف خودشو از موفقیت داره,اه، ببین، مامانم از موفقیت خودش را بهتر از خودش معرفی می کند
53,truth or dare?,حقیقت یا شجاعت؟,حقیقت یا شجاعت؟
54,how do you know? - how do i know about anything?,از کجا میدونی؟ همونجور که بقیه چیزا رو میدونم,از کجا می دونی؟ همان جور که همه ی این حرف ها رو می گم
55,most people.,اکثر مردم,تعداد بیشتر مردم
56,and for what?,اونم برای چی؟,برای چی؟
57,let's cut these guys off.,بیاید ازشون رد بشیم,بجنب از اونا رد شو، گم شو
58,"wow. nice work. - well, who is it?",افرین کارت خوب بود - حالا کی هست؟ -,کارت افروز خوب بود - حالا کی هست؟ -
59,do you find that to be true?,به نظرت همینطوره؟,به نظر من، اینطوری نیست؟
60,"listen. - okay,",گوش کن- باشه-,گوش کن - باشه -
61,what is she doing?,داره چی کار می‌کنه؟,ایا چطوری باید شروع کنیم؟
62,what the fuck is wrong with her?,چه مرگشه؟,چه مربورک؟
63,"we're there! -thank you,",حتما میایم - ممنون -,حتما میریم - متشکرم -
64,and i'll spare the life of the baby.,و از جون بچه می‌گذرم,و از جون بچه گم شو
65,you know what that's gonna say? joe gardner!,میدونی میخواد چی بگه؟! جو گاردنر,جو گاردنر، می دونی، می دونی چی میگی؟
66,hey.,هی,هی
67,todd's gonna stay with me until he finds a place.,تاد «با من میمونه». تا وقتیکه یه جا پیدا کنه,ان ترن «با من می مونم تا وقتی که یه جا پیدا بشه
68,"go, go, go, go, go!",! برو، برو، برو، برو، برو,! برو، برو، برو، برو، برو، برو
69,i'm mixing.,دارم مخلوط می‌کنم,من دارم یه جور کنم
70,"and maybe you can listen to it and tell me to quit after, okay?",و شاید بتونید گوش کنید و بعدش بهم بگید انصراف بدم، باشه؟,شاید بتونم گوش کنم و بعدش هم به من گفت از دست دادن از من استعفا می دهی، باشه؟
71,"whose mothers smoked weed during utero,",و مادر‌هایی که توی دوران جنینی بچشون علف میکشیدن,و مادرانی که در دوران جنون طفلکی ها مثل لاشه ی پوست پوست می چرخندند
72,even better than the cows.,حتی بهتر از گاوها,بهتر از گاوها
73,"[ stammers ] what does this remind me of, mel?",چرا این منو یاد مل «میندازه؟»,چرا این حرف ها را به یاد می گم «میندکا»؟
74,over my dead flaming body!,مگه از روی جنازه‌م رد شی,مثل اینکه از طرف جناح م رد شی
75,look! there i am.,! ببین من اونجام,! من را ببینید اونجام
76,so we gotta chop chop.,پس باید بجنگیم,پس باید توی لجن زار باشیم
77,"this bitch keeps fucking around,",اگه این زنیکه مسخره‌بازی شو ادامه بده,اگه این زن که بازی موزیکال ادامه پیدا کنه
78,mm-hmm.,اوهوم,اوه
79,"i mean, you'd have to",…باید,...باید
80,"tornado wranglers. - tornado wranglers, baby.",گردبادکش‌های حرفه‌ای هستیم -! گردبادکش، عزیزم -,- چربادک حرفه ای وجود داره - چربادک عزیزم
81,"riley, i'm open. pass it, pass it!",. رایلی، من خالی‌ام پاس بده، پاس بده,رایلی، من خالی ام پاس بده، پاس بده
82,leave her alone.,ولش کنین,لوس کن
83,now it's your turn to help us.,حالا نوبت شماست که کمک‌مون کنید,حالا نتیجه ی تو اینه که کمک مون را بگیری
84,"forget 'em! -no, no, no, i can find her.",بی‌خیال‌شون - نه، می‌تونم پیداش کنم -,بدون خیال - نه، میتونم پیداش کنم -
85,"no, no, no, no.",". نه,نه,نه,نه",نه،نه،نه،نه
86,we can't let her do this to riley.,نباید بذاریم همچین بلایی سر ریالی بیاره,باید برای سفر به روستای جنوبی غربی سفر کنیم
87,"we lost your radar, javi. you got eyes on the tornado?",رادار تو رو از دست دادیم حاوی گردباد رو می‌بینی؟,رلان تو رو از دست دادیم، توی رگبار پیدا کردیم؟
88,you get what it takes to be the best.,تو توانایی درخشیدن رو داری,تو باید صدای چرخش رو ادامه بدی
89,and she's nice to stray cats.,تازه با گربه‌های ولگرد هم رفتار خوبی داره,رفتارش مثل رفتار گربه های ولگرد هم خوب است
90,"i long to be a hero,",من ارزوی قهرمان بودن رو دارم,من عاشق قهرمان بودن ارزشمندی هستم
91,"yeah, feels like it's a little sticky. - oh, no.",اره، به‌نظر میاد چسبیده - اوه نه -,اره، به نظر میاد به گوش میاد چسبیده بود اوه نه
92,look at that. look at tintin.,اینو ببین تینتین رو ببین,این یکی میتونی میتونی میتونی
93,"uh, mrs. rosenberg had a family vacation on the books",خانم روزنبرگ چندین ماهه که,خانم روزنبرگ، چند ماهه
94,what? you're paranoid.,چی؟ شکاک شدی بابا,چی؟ شکاک فلانی بابا
95,he told me about all those late night meetings,در مورد اون همه جلسات شبانه,در مورد تمام جلسات شبانه
96,"you need a ride to work, you got to get going now.",اگه میخوای با ماشین برسونمت بر سر کار همین الان باید بلند شی,اگه با ماشين ماشین حرف بزنیم، سوار شو، حالا باید لباسمو پوشون کنم
97,"come on, buddy.",بیا رفیق,بیا رفیق
98,you need this to happen,تو خودت از هر کس دیگه‌ای,تو از هر کسی که دیگه ای هست بیرون می کنی
99,then we'll divide into teams.,بعدش تیم‌بندی می‌کنیم,بعد از ان، تیم بندی می کنیم
100,"ever since you got struck by lightning, you're no fun.",از وقتی رعد و برق بهت خورده دیگه اهل حال نیستی,از وقتی که دیگ های تند و تند تند غذا خورده اهل وضعیت نیست
101,i've been wondering what you want me to do with all this stuff.,نمی‌دونستم می‌خوای با اینا چی کار کنم,نمیدونم، می خوام با اینا حرف بزنم چه کار کنم
102,sully! sully! - sully!,سالی، سالی,سالی، سالی
103,damn. dandelion girl was right.,لعنت بهش دختر قاصدکی درست می‌گفت,لعنت بهش دختر قاصدکی، درست میگم
104,and practice like we've never practiced before.,و به روشی بی‌سابقه تمرین کنیم,و برای برگزاری دوره ی سابقه ی ورزش را شروع کنیم
105,everything is beautiful!,همه‌چیز قشنگه,همه چیز قشنگه
106,then you must make your curse your gift.,پس باید نفرینت رو تبدیل به موهبتت کنی,پس باید نفرین کردن را به صورت موش کنی تبدیل کنیم
107,that's not good.,این خوب نیست,خوب نیست
108,let's get these memories downstairs.,بیاید این خاطرات رو بندازیم طبقه پایین,بفرمایید این خاطرات را در طبقه پایین بگذاریم
109,"so dad could pursue his dreams, and i can't?",پس بابا توانست بره دنبال رویاهایش اما من نمیتونم؟,پس بابا می توانست برود دنبال نقشه، اما من نمیتونم؟
110,excuse us. -hey! you can't use that.,با عرض پوزش - هی، حق استفاده ازش رو ندارید -,با اظهار ترحم - هی، حق استفاده از اون نیست
111,but now we have a way to fight back.,اما الان یه راهی برای مقابله باهاش داریم,اما الان راهی برای مقابله با اونها هست
112,"i'm, look, i'm so.",…من,من ...
113,you can't say that.,نمیتونی این رو بگی,نمیشه، بگی
114,i'm taking the baby.,بچه رو می‌برم,بچه رو ببر
115,it's got to be absolutely perfect.,باید دقیق دقیق باشه,باید دقيق و دقيق باشه
116,in theory.,از لحاظ تیوری,از لحاظ تیوری
117,"come on, it's okay.",حالا چیزی نیست,حالا چیزی نیست
118,i got my hands on a few prototypes.,یه چندتا نمونه اولیه‌اش رو گیر اوردم,یک نمونه اولیه یه عکس توی عکس اورملام
119,you care too much about things.,خیلی اهمیت می‌دی‌ها,خوب، مود ها
120,it's okay.,چیزی نیست,چیزی نیست
121,"okay, so, so let's make the next one",خیلی خب، بیا بعدی رو,خیلی خب، ببینم، حالا
122,i think so.,. فک کنم,منو ببوس
123,i'm going to live every minute of it.,قراره از تک‌تک لحظه هاش استفاده کنی,باید از همان لحظه ی گذشته استفاده کنی
124,you want one?,می‌خوای امتحان کنی؟,می خوای امتحان کنی؟
125,can i please just pay the ticket and go home?,نمیشه لطفا جریمه بدم و برم خونه؟,لطفا جریمه بدم را ببر خونه؟
126,the count's off.,! سرشماری مشکل داره,! شکل لباس پوشیده
127,this is more than i remember sending back here.,یادم نمیاد این همه خاطره فرستاده باشیم اینجا,یادت باشه که همه خاطرات را رها کرده باشم
128,"all righty, mentors.",خیلی خب مربی‌ها,خیلی خب، کاراگاه ها
129,we've never connected an untethered soul back to its body before.,ما تاحالا یه روح ازاد رو به بدنش برنگردوندیم,ما تا حالا یک روح دیوانه به بدنش نرسیدیم
130,"guys, let's go, go, go!",! بچه‌ها، بریم، بریم، بریم,بچه ها، بریم، بریم، بریم
131,that are right there to the printer? no.,این دقیقا اینجاست برای چاپ خونه؟ نه,این دفعه برای گشت خونه است؟ نه
132,what pills?,کدوم قرص‌ها؟,کدوم قرص؟
133,"because, mon ami, we need to speed things up,",دوست عزیزم، چون باید عجله کنیم,عزیزم، چون باید عجله کنیم
134,whoa!,! وای,! بله
135,i'm sure you're very talented in a lot of different ways.,مطمینم تو هم تو خیلی چیزها با استعدادی,یقین بدانید که من هم توی همه چیز هستم
136,"a one-way expressway to,",می‌ره اون پشت مشت‌ها,پشت مشت ها را می ریم
137,"okay, uniforms.",خیلی‌خب، یونیفرم,خیلی خب، یونیفرم
138,exactly what you'd expect.,دقیقا همون چیزی که انتظار می‌رفت,همان چیزی که انتظار می کشیم
139,that's a sar-chasm.,شکاف ناشی از کنایه‌ست,شکاف توسط دزدان امنیتی
140,remember when we all finally came up to headquarters?,اون زمان رو یادتونه که تازه اومده بودیم مرکز فرماندهی؟,این دفعه به یاد میاد که من رفته بودم فرماندار؟
141,we got to get him down. okay.,. ما باید بیاریمش پایین -. باشه -,باید زودتر سوار شویم - خوبه -
142,they have a nice wine list.,شراب‌های خوبی دارن,شرایط خوبی وجود دارد
143,you too.,شما هم همین‌طور,تو هم همین طوری
144,i don't know.,. نمیدونم,نمیشه
145,it's okay. it's okay. i'll do it.,. عیبی نداره. مشکلی نیست. من انجامش میدم,مشکلي نیست، مشکلی نیست، من انجامش می دهم
146,mom doesn't know about this gig.,مامان درمورداین اجرا چیزی نمیدونه,مامان در مورد این اجرا چیزی نمی فهمم
147,that one goes there. check.,. این هم می‌ره اینجا بررسی شد,اینها هم می ره، بررسی شد
148,"come on, kate. all right, you got it.",زودباش کیت خیلی‌خب، بلند شو,خیلی خوب کیی، خیلی خب، شوخی
149,"sorry, but joe can't do it today.",ببخشید، ولی جو امروز نمیرسه,ببخشید، اما جو امروز نباید اذیت بشه
150,"um, leigh was actually valedictorian.",مم، در واقع «لی» شاگرد ممتاز بود,م، در واقع «تی» شاگرد عالیرتبه بود
151,what are we saying?,چی داریم می‌گیم؟,ما گیم چی داریم؟
152,ah! spicy! spicy!,! تنده! تنده,! تنده، تنده
153,"it's giving me incredible high-resolution images,",تصاویر عالی و با رزولوشن بالا در اختیارم می‌ذاره,عکس های عالی و با رزالیتوتسون بالا در نظر من عالی است
154,i bet anxiety would have a really good plan...,شرط می‌بندم اگه «اضطراب» اینجا بود خیلی خوب برنامه‌ریزی می‌کرد,شرط می بندم اگه اضطراب اینجا بود، نقشه ریزی خوبی بود
155,"plus, we followed our new",تازه، برنامه تمرینی تیم اول رو,تیم اول شروع طرح ورزش
156,"joy, the only way out is up.",شادی، تنها راه خروج به سمت بالاست,خوشبختی، تنها راه ورود به سمت بالاست
157,that's a really judgmental question. [ mel ] yeah.,واقعا سوالات پیش داورانه بود- اره-,واقعا اتفاقات بدی پیش از داوطلبانه ای افتاده بودند
158,"she's doing her thing, man.",داره کارش رو می‌کنه پسر,دخترک، کارش تموم می شه
159,"okay, good.",باشه خوبه,بسیار خوبه
160,black improvisational music.,بداهه‌نوازی موسیقی,موسیقی زشت
161,i said turn around.,گفتم بچرخ,گفتم کوچک چر
162,and it feels like you're in another place?,احساس می‌کنید جای دیگه‌ای هستید؟,احساس می کنی که جای دیگه ای هستی؟
163,it was horrible.,فاجعه بود,فاجعه بود
164,i'm just supposed to make sure you don't die.,من فقط قراره مطمین شد که تو نمی‌میری,من فقط باید مطمین بشم که تو نمی میری
165,are you okay?,حالت خوبه؟,حالت خوبه؟
166,scarecrow is up.,مترسک فعال شد,خطر قابل توجهی شروع شد
167,so what do you think you'll do?,فکر می‌کنی چیکار می‌کنی؟,فکر می کنی چه جور کار می کنی؟
168,"and then i tell anxiety, ""hey, don't worry so much anymore.""",بعدش به اضطراب می‌گم «نمی‌خواد این‌قدر نگران باشی»,بعد از ان به اضطراب می گویم «نمی خوای این قدر نگران باشی»
169,so send them out with just a little bit...,…پس براشون یه‌خرده,پس برای اونها یه جور یه
170,i think i'm speaking for all the jerrys when i say thank you.,من از طرف همه اجرای‌ها اومدم تا ازتون تشکر کنم,من از طرف همه اجراها از تو اومدم تا از تو شکر کنم
171,let's go!,! برو بریم,! برو بریم
172,i don't know.,. نمیدونم,نمیشه
173,"um, this is one of the happier pieces.",منم، این یه قسمت شاد ترش ه,ان، این قسمت خیلی خوش اخلاقه
174,we're going!,باید برویم,بايد بریم
175,that she doesn't force me to do.,کاری با این بچه نمی‌کنم,کار با این بچه نباید کنم
176,who? you mean the guy from the bar?,کی؟ متصدی بار میگی؟,کی؟ مامور مامور مگی؟
177,"back up, back up, back up!",! برو عقب، برو عقب، برو عقب,! برو عقب، برو عقب، برو عقب
178,you can bite.,تو میتونی گاز بزنی,تو میتونی گاو بزن رو ببینی
179,because you have no purpose!,چون هیچ هدفی نداری,چون هیچ هدفی ندارم
180,"[ sobs ] wait. no, he-- no, he--","…وایستا. نه,اون …نه,اون",یه سری ... نه، اون ...نه، اون
181,how?,چطور؟,چطور؟
182,patrol finds you passed out behind the wheel of your own car,گشت تو رو کاملا بیهوش پشت فرمونش ماشینت,پشت ماشین فرمونسک کاملا بی حرکت شدم
183,joe! who's ready to go home?,! جو کی برای رفتن به خونه اماده س؟,جو کی برای رفتن به خونه حاضره؟
184,both hands. both hands.,دو دست دو دست,دو دست دو دست
185,terry's got this under control. i'll handle it.,تری حواسش هست درستش می‌کنم,فکر ترش هست، خوب، خوب،
186,"with a nice pass over to reeves,",یه پاس خوشگل می‌ده به‌روز,یک پاسگاه خوشگل امروز صبح می ده
187,you ready?,اماده‌ای؟,حاضرم؟
188,yes!,ایول,ایول
189,glad to see boy band island finally broke up.,خوش‌حالم که جزیره بند خوانندگان پسر از هم پاشید,خوشحالم که اهل جزیره برای خواندن دختران پسر هم برای خواندن لباس های پوشیده از لباس های پوشیده از لباس های پوشیده از لباس های پوشیده از لباس های پوشیده از لباس های پوشیده از لباس های پوشیده از لباس های پوشیده از لباس های پوشیده از لباس های پوشیده از لباس های پوشیده از لباس های پوشیده از لباس های پوشیده از لباس های پوشیده از لباس های پوشیده از لباس های پوشیده از لباس های پوشیده از لباس های پوشیده از لباس های پوشیده از لباس های پوشیده از لباس های پوشیده از لباس های پوشیده از لباس های پوشیده از لباس های پوشیده از لباس های پوشیده از پوستین
190,she's having a great time.,خیلی داره بهش خوش می‌گذره,خیلی خوبه که بهش خوش گذشت
191,i feel terrible.,حس خیلی بدی دارم,حس بدی دارم
192,"look, i was-- i was-- we were talking. i'm sorry.","…ببین,من …من. ما داشتیم صحبت می‌کردیم. من متاسفم",ببین، من ...من ... ما حرف زدیم، من متاسفم
193,"that would be april 20th, 1987.",بیست اپریل ۱۹۸۷,۲۴ اوت ۱۹۸۷
194,"listen to me, okay?","به من گوش کن,باشه؟",به من گوش کن، باشه؟
195,"i know you, sadness.",من می‌شناسمت هم,من هم دارم شناخته می شم
196,we had to motivate her properly.,باید خوب بهش انگیزه می‌دادیم,باید خوب باشد که انگیزه ی مورد علاقه ی شما را اجرا می کنیم
197,"please, just do it quickly and quietly.",خواهشا سریع و بی‌صدا انجامش بده,اگرچه زودتر زودتر زودتر شروع کن
198,hmm.,هوم,بله
199,how are you driving?,چطور داری فرمان می‌دی؟,چطوری دستور دیم رو می دی؟
200,"but i know a lot less about manual 28, chapter seven,",‫ولی من خیلی کم‌تر از اون چیزی که ‫مردم فکر می‌کنن، از کتابچه‌ی ۲۸,من از اون چیزی که مردم فکر می کنند کمتر از اون چیزی هستم که من از کتابچه ۲۸
201,that son of a bitch came to me.,حرومزاده سراغ من اومد,دخترک گمشده به سوی من امد
202,you feel less joy.,کم‌تر احساس شادی کردن,کمتر احساسات شادمانی
203,where all the bad memories are.,جایی که تمام خاطرات بد نگه داشته شدن,در حالی که خاطرات همه بد نگهداری شده
204,"javi, we've got to help.",بلی، باید کمک کنیم,بله، باید کمک کنیم
205,what the heck is that?,این دیگه صدای چیه؟,این دیگ چطوره؟
206,i'm riley.,من رایلی هستم,من رایلی هستم
207,"81, that is not helping.",شماره ۸۱، این اصل به‌درد نمی‌خوره,شماره ۸۱، این اصل درد نمیشه
208,"fear, you have a parachute?",ترس، چتر نجات داری؟,ترس، چتر نجات پیدا می کنی؟
209,22! - what did you just say?,! ۲۲ - چی گفتی؟ -,۲۲ - چی گفتی؟ -
210,we'll need to stay weather-aware,…باید حواس‌مون جمع باشه,باید حواس مامان جمع بشه
211,okay. 2:00 p.m. that's in... -six minutes.,…خیلی‌خب، ساعت ۲ ظهر. یعنی - شیش دقیقه دیگه مونده -,ساعت ۲ ظهر، یعنی ساعت دو ربع صبح، یعنی -
212,kate!,! کیت,کیی
213,otherwise go take-,…و گرنه,...و گرنه
214,"oh! - hold on, y'all.",! اوه - صبر کنید -,اوه - صبر کن -
215,and i do not like her actions.,خوشم نمیاد,خوبم نمی تونم
216,cool.,خوبه,خوبه
217,"fine, we'll get the suit off the rack somewhere.",خیلی خب میریم که کت و شلوار از جالباسی بر می‌داریم,خیلی خب، میریم که کت و شلوار از لباس های جالباسی بردارم
218,coach roberts isn't gonna be our coach next year.,مربی رابرتس، سال بعد مربی‌مون نمی‌شه,مربی رابرتز، سال بعد، مربی مون نمی شه
219,tell them it's the same stuff they use in diapers. hmm.,بهشون بگو همون موادیه که توی پوشک استفاده می‌شه,بهشون بگو موادی که توی پوشک استفاده می شه
220,almost didn't recognize him with the haircut.,با اون مدل موی جدیدش اصلا نشناختمش,با اون مدل مدرن که اصلا پیدا نشده
221,come on!,! زودباش,زودباش
222,a rogue emotion has taken over headquarters.,یک احساس سرکش مرکز فرماندهی رو تسخیر کرده,یک مرکز فرمانده ی فرماندار را تحت تأثیر قرار داد
223,the ruling class's core curriculum stifles dissent.,برنامه اموزشی که دولت ارایه میکنه عقاید رو سرکوب میکنه,برنامه ی راهنمایی که دولت برای اصلاح قوانین دولت حاضر می شود، فکرها را تحت فشار قرار می دهد
224,stop that. no.,بس کن نه,بسیار خوب، نه
225,"yo, come on, man.",هی، بیا بریم پسر,هی، بیا بریم پسر
226,of course.,خواهش,زود باش
227,"all right, hold on.",خیلی خب، وایسا,خیلی خب، ایویسا
228,one's gonna die out.,یکی‌شون الان تموم می‌شه,یکیشون الان تمام شد
229,what?,چی؟,چی؟
230,to make all this go away.,تا همه اینا از بین بره,تا همه اینها از بین برود
231,and we used to feel lucky if we could get you to wear pants.,و قبلا به‌زور شلوار پات می‌کردیم,و لباس پوشی برای لباس راحتی برای لباس راحتی استفاده کردم
232,forensics is going over it at the impound lot.,بخش جرم شناسی توی پارکینگ داره روش تحقیق میکنه,قسمت تحقیقات جرم شناسی در پارک ون برای تحقیق روشن است
233,"all right, come on, cairo!",! خیلی‌خب، برو قاهره,خیلی خب، برو قاهره
234,"we're okay. - yeah, we're good, man.",حال‌مون خوبه - اره، خوبیم پسر -,وضع مون خوبه اره، خوبیم پسر
235,val is leading us into their holy inner sanctum!,وال داره ما رو به حریم خصوصی مقدس‌شون می‌بره,اره، یه انسان باید همه چیز را حفظ کنه
236,"[ chuckles ] well, that'd be cool. right?",خوب این عالیه اره؟,خوب، عالیجناب اره؟
237,riley will never be herself,اگه این رو فورا به مرکز فرماندهی برنگردونیم,اگه فورا به فرماندار برنگردونیم برسیم
238,you'd have to shower in the lake.,مجبور بودی توی برکه دوش بگیری,من توی برکه دوش بگیرم
239,that some cop has to come and tell her that her kid is dead.,میشه که چنتا پلیس. میان و میگم که پسرت مرده,میشه یک نفر سلیس، بین و میگم که پسرت مرده
240,you got all his money and you ran away.,همه پولاشو برداشتی و در رفتی,همه پوک های گم شده و گم شده
241,yeah. sapulpa. couple hours from here.,اره، سپالپا چند ساعت با اینجا فاصله داره,اره، سپاس پا، چند ساعتی با اینجا فاصله داره
242,"after graduation, i went back to miami.",بعد از اینکه فارغ‌التحصیل شدم، برگشتم میامی,بعد از اینکه فارغ التحصیل شدم، ماکسیو را ترک کردم
243,"what's up? what's goin' on, man?",چه خبرا؟ چی شده رفیق؟,چه خبره؟ چه خبره؟
244,"hey, hey, hey, stay outta there.",هی، هی، هی حواست باشه چی میگی,هی، هی، هی، فکر می کنم چی میگی؟
245,"but this time, just sit there, get the cut, and get out.",اما این‌بار فقط بشین و موهاتو کوتاه کن و برو بیرون,اما این بار فقط بشین و موی تو را ببند و برو بیرون
246,to what?,تو چی؟,چی؟
247,do not get on that ship. -uh...,سوار اون کشتی نشو,اون کشتی رو سوار کن بخواب
248,it's why you're here.,برای همینه اینجایی,برای همیسا، برای اینجا
249,we even got braces with extra rubber bands!,تازه ارتودنسی هم کردیم و کش اضافه برایش گذاشتیم,تیم اترنتینو هم همین طور شروع کرد و اضافه کشید
250,you know what to do.,میدونی چیکار کنی,فهمیدم چه جور باید بکنی
251,mmm. mmm-hmm.,اوم,اممم
252,your father's out. i need to get out of here too.,پدرت رفت منم باید برم,نامزدش رفت من باید برم
253,"as you once believed in me, i will now believe in myself.",، همون‌طور که تو یک‌بار بهم باور داشتی حالا من باید به خودم باور داشته باشم,، همونطور که من یک بار به من فکر می کردم ، حالا باید به خودم فکر می کردم
254,"leigh, what is wrong with you?",«لی» چت شده؟,«تی» چپ شده؟
255,jovan?,جووان؟,جو ان؟
256,i walk outta here or he dies.,یا از اینجا میرم یا میمیره,یا از اینجا میرم یا میمیرم
257,i seriously doubt that.,واقعا یه لحظه شک کردم,یه لحظه شکست خوردم
258,we ran into you guys! -huh?,شما رو دیدیم - هان؟ -,تو دیدی؟ هان؟
259,"but if we don't make the team,",ولی اگه عضو تیم نشیم,ولی اگه عضو تیم بشیم
260,i don't know who you think i am.,نمیدونم فکر می‌کنی کی هستم,نمیدونم فکر می کنم کی هستم
261,this feels different.,حس عجیبی داره,حس عجیبی داره
262,and everything you've done for me.,و همه کارهایی که برای من کردی,و همه کارهایی که برای من کردیم
263,oh! we use our slap shot!,با اسلپ شات,با صفحه ی اسلپ
264,we were a couple of foster system rejects.,چندتا طرد شده از سیستم فرزندخواندگی بودیم,چند تا از سیستم خواندن طفل رفته بودیم
265,me can't do it today.,من نمی‌توانم,من نمی توانم
266,how you doing? - you're the owner?,حال‌تون چطوره؟ - مالک شمایید؟ -,حالت تونگ چطوره؟ - مالک شمایید؟ -
267,someone bumped him.,یکی زدش,یکی شروع کرد
268,huh?,هان؟,هان؟
269,don't let it get me! please!,! نذار من رو ببره! خواهش می‌کنم,نذار من برم، لطفا
270,"and he was going crazy, i didn't.",و داشت قات می‌زد,و اگر حرفم را بزنم، زودتر شروع می کنم
271,their destiny is not ours to change.,ما مسیول تغییر سرنوشت اونا نیستیم,ما مسیول باید وضعیت را تغییر بدهیم، ایا نه؟
272,i can't breathe!,نمی‌تونم نفس بکشم,نمیتونم یه کم اذیت کنم
273,my mistake.,اشتباه من بود,من یه جور دردی خوردم
274,sully. - yeah?,سالی - بله؟ -,سالی بله؟
275,"well, the government calls it 6:30.",خب، دولت گفته ساعت ۶:۳۰,خوب، دولت ساعت ۶ و ۳۰ گفت
276,"oh, that michigan girl",اوه، اون دختر میشیگانیه,اوه، اون دختر میشیاییه
277,don't worry about it.,خودتو ناراحت نکن,خودت را راحت نکن
278,"no, no, no, you don't understand.",نه، نه، نه تو متوجه نیستی,نه، نه، نه، تو به انچه که می گویی توجه می کنی
279,sapulpa.,سپالپا,سپاس پا
280,there's a shelter down there! come on!,! یه پناهگاه اون پایین هست! زودباشید,یه جایگاه امنه اون پایینه، زود باش
281,"what are you doing out here, man?",اینجا چی کار می‌کنی پسر؟,اینجا چیکار می کنی پسر؟
282,"tyler, tornado's on the move. - okay.",تایلر، گردباد داره حرکت می‌کنه - خیلی‌خب -,تایلر، گردباد داره تند میره خوبه
283,appearing in a form your feeble human brain can comprehend.,که جوری ظاهر میشه که ذهن ضعیف شما انسان رو بتونه درکش کنه,اگر ذهن ضعیف تو مثل انسان باشد، باید جلو خود را بگیرد
284,"hey, mrs. carter.",سلام خانم کارتر,سلام خانم کارتر
285,let's get out of here.,بیا بریم,بیا بریم
286,"yeah, well, you've seen the worst of this place.",اره، خب، بدترین روزهای اینجا رو دیدی,اره، خب، بدترین روزهای اینجا را دیدم
287,"so when i found you,",پس وقتی پیدات کردم,پس وقتی پیداش کردم
288,"look, i'll meet you at the half note.",ببین، من توی هف نوت میبینمت,ببین، من توی صفحه ی الف هستم، می بینم
289,none of this will actually happen.,هیچ‌کدوم از این اتفاقات نمی‌افتن,هیچ کدوم از این اتفاقات اصلا رخ نمیده
290,enhance 224... 176.,‫تغییر رزولوشن به ۲۲۴ و ۱۷۶,رلی تیسون به ۲۲۴ و ۱۷۶
291,because they've never left ridgefield?,چون اونا هیچوقت از «ریجفیلد» بیرون نرفتن؟,چون اونا هیچ وقت از «سگ باف» خارج نشده اند؟
292,i can't be truthful with you.,نمی‌توانم باهات صادق باشم,نمیتونم باهات عادل باشم
293,"please? yeah. lumpy's brother was supposed to,",لطفا؟ …اره، برادر «لامپی» قرار بود بگیره,لطفا؟ ...اره، برادر «لامپا» قرار بود بگیرد
294,"ooh, yeah! right? 'cause she's... maybe?",اوه، اره! درست نمی‌گم؟ …چون شاید اون,اره، اره، اصلا گمان نمی کنم؟ ... چون شاید اون
295,just don't get caught.,فقط گیر نیست,فقط چرخش نیست
296,do you have anything to say about that?,حرفی واسه گفتن نداری؟,حرف هایی برای گفتن نداری؟
297,you ever wonder...,…تا حالا برایت سوال شده,تا الان برایت سوال می کرد
298,yes.,اره,اره
299,"oh, yeah. cool.",باشه، ایول,خوبه ایول
300,mm-hmm. yep. y'all missed a big one. look.,اوهوم، اره یه بزرگش رو از دست دادید. ببین,اره، اره، یه جور بزرگ رو از دست دادی، ببین
301,it was never gonna work.,امکان نداشت جواب بده,قابلیت فهم جواب دادن است
302,what's going on?,قضیه چیه؟,قضیه چیه؟
303,the model projects it's heading into maryland.,پروژه‌های نمونه دارن می‌رن سمت مریلند,پروژه های نمونه ازمایی ازمایی رم رم مریلند
304,no? then it's the same as the other ones.,نه؟ پس با بقیه فرقی نداره,نه؟ پس با همه چیز فرق نمی کند
305,does this gig have a pension? health insurance?,این اجرا حقوق بازنشستگی داره؟ بیمه درمانی؟,این اجرای حقوق بازگشت به دوش داده؟ - امان درمانی؟ -
306,"but the school would like to help jason process, and--","ولی مدرسه دوست داره که …به روند «جیسون» کمک کنه,و",اما مدرسه دوست دارد که ...با روند «جیسون» کمک کند
307,over!,تمام,همه چیز
308,oh.,اوه,اه
309,i'm sorry for all of us.,بابت همه اینا متاسفم,در مورد همه اینا متاسفم
310,know her name. -ew.,اسمش رو بلدن,اسمش ر تینن
311,riley paints her nails to match her jersey.,رایلی لاک ناخنش رو با لباسش ست می‌کنه,رایلی لاتی لباسش را پوشیده، خوب می شه
312,"""not ready yet""?",«هنوز اماده نیست؟»,«هنوز لازم نیست؟»
313,hi.,سلام,خوب
314,ah! -we gotta say something.,اه - باید یه چیزی بگیم -,اه باید یک چیزی بگویم
315,i mean no. i...,…یعنی نه، من,نه، من
316,it's time.,وقتشه,وقتشه
317,"and bringing up the rear,",…و در اخر,...و در اخر
318,"just one moment, please.",یک‌لحظه لطفا,یک لحظه لطفا
319,behind the tornado and plant his radar,…می‌ره پشت گردباد و رادارش رو,ما پشت گردباد و رادرش ایستاده ایم
320,i told you we didn't need her.,بهت گفتم بهش نیازی نداریم,به ان می گوید که بهش نیازی نیست
321,riley is still exceptional.,رایلی هنوز هم استثناییه,رایلی هنوز هم بی اهمیت است
322,"yes, you can.",اره، می‌شه,اره، می شه
323,"come on, kate. you got this.",زودباش کیت از پسش برمیای,زودباش کیی از پسش برمینیپه
324,imbecile.,کودن,کودن
325,to load the updraft.,تا جریان عمودی رو از بین ببره,تا هنگامی که باران عمودی از بین می رود
326,"we had an agreement, right?",توافقی داشتیم. باشه؟,قبوله؟
327,all right. then let's do it.,. خیلی خب. پس بیا انجامش بدهیم,خیلی خب، پس بیا انجامش بده
328,and the answer is yes.,جوابش اره‌ست,جوابش اره است
329,it's a health and fitness trade show...,یه نشان بهداشت و امادگی جسمانیه,این نشانه ی ناتوانی جسمانی و ناتوانی
330,"please, please.",خواهش می‌کنم,لطفا
331,"i mean, what, are you thinking of a career change, or, uh--",منظورم اینه که تو داری به یه تغییر شغل فکر می‌کنی یا …ا,هدف اینه که تو یه شغل تغییر شکل می دهی یا ...ا ...
332,we gotta hail a cab. hold your hand out.,ما باید تاکسی بگیریم دستت رو دراز کن,باید یه نفر یه نفر رو ببره یه نفر یه نفر دیگه
333,we can't stay here. - there!,نمی‌تونیم اینجا بمونیم -! اونجا -,نباید اینجا باشیم، نباید گمشیم، گمشیم
334,you did great. we love you.,کارت عالی بود عاشقتم,کارت عالی بود، عاشق من
335,"hey, dorothea.",هی دورسیا,هی دوروسیا
336,"i can do it. - stay low! no, no, no, no, no!",از پسش برمیای -! پایین بودن! نه، نه، نه، نه، نه -,از پسش برمینیایا - ! - ! خوب بودن خوبی نبود، نه، نه، نه، نه
337,hold on!,طاقت بیار,طاق ناهارخوری
338,"you have to score, riley!",باید گلزنی کنی رایلی,باید گل زنی کنی رایلی
339,"some of it's not as boring as it is at the you seminar,",بعضی هاش به اندازه سمینار شما کسل‌کننده نیست,بعضی ها به اندازه ی سماویور شما قابل اعتماد نیست
340,this one's different!,! این یکی فرق میکنه,! این یکی فرق می کنه
341,"look, if, if, if there is a fine",ببین. اگه جریمه‌ای,ببین، اگر جریمه ای بکنم
342,"wait, what? are you serious?",شوخیت گرفته؟,زشتی گرفته؟
343,"well, me and him get arrested one more time,",خوب من و اون یه بار دستگیر شدیم,خوب من و اون یک بار تحت فشار قرار گرفتیم
344,yeah.,اره,اره
345,i'm not good enough.,من ناکافی‌ام,من زحمت کشیده ام
346,new lifeguard. yep.,. نجات‌غریق جدی اره,نجات گراتسیا جدیت اره
347,"the girl i know, she'd be going into the storms",اون دختری که من می‌شناسم …در حالی که بقیه فرار می‌کنن,اون دختره که من شناخته ام ...در حالی که همه فرار می کنند
348,fucker!,لامصب,ناظر
349,"no, i don't remember.",نه. نیست,نه، نمیشه
350,she wasn't there when it happened. she was probably at the pool.,". وقتی اتفاق افتاد,اون اونجا نبود. احتمالا تو استخر بوده",وقتی اتفاق افتاد، اونجا نبود، حتما تو استخر بودم
351,to become a fire hawk.,که منجر به عضویتش در تیم شد,که به عضویت در تیم پرداخت
352,"let's go, baby.",بریم عزیزم,بریم عزیزم
353,i need to get the fuck out of this town.,باید ازین شهر لعنتی. برم بیرون,باید از شهر داگونتی بریم بیرون
354,or walking. i'm really good at walking.,یا راه رفتن کارم توی راه رفتن خوبه,یا راه پیمایی کارم توی راه پیمایی راه پیمایی خوبه
355,how may i direct your call?,با کی کار دارین؟,با کی کار داری؟
356,maybe you could just stay in one place.,شاید بهتر باشه یه جا بند بشی,شاید بهتر باشه یک جا نگهدار بشه
357,what? who sent that projection to riley?,چی؟ کی این تصویر رو واسه رایلی ارسال کرد؟,چی؟ کی این عکس را به رایلی فرستاده؟
358,where's the other detective?,کاراگاه دیگه کجاست؟,کارآگاه دیگه کجاست؟
359,you got to quit eating chocolate in the damn truck.,دیگه نباید توی ماشین، شکلات بخوری,دیگ نباید توی ماشين باشه، شکلات برنج
360,"because he wouldn't listen,",…چون گوش نمیده,چون گوش کن
361,never mind.,بی‌خیال,بی خیال
362,i'm sorry.,ببخشید,ببخشید
363,i'll come.,. منم میام,مین میام
364,in this town of all places?,برگرده این شهر؟,شهر را رها کردید؟
365,"my team sets up two more, here and here.",تیمم دوتا رادار دیگه اینجا و اینجا کار می‌ذاره,تیمم دوتا رلان دیگه همین جا و همین جا کار می کنم
366,it's so embarrassing.,. این خیلی خجالت اوره,این خیلی خیلی خجالت اوره
367,you'd never be able to get it close enough.,امکان نداره بتوانی به اندازه کافی به گردباد نزدیکش کنی,اصلا ممکن نیست که بتونیم کمی به گردباد نزدیک بشویم
368,"""how to recall non-memory objects""",فصل ۷ و مفهوم «چگونگی تداعی,فصل ۷ و مفهوم «گونگی تداعی»
369,"hey, ben, i'm gonna need you to hand me",…هی بن، چندتا از اون مانورهای,یه بن، چند تا از اون مسافرخانه ها
370,"how you been, mr g?",حالتون چطوره اقای جی؟,حالتتون چطوره، اقای جی؟
371,ah! this is amazing!,اه! این فوق العاده‌ست,اه، این فوق العاده است
372,what are you doing?,چی کار می‌کنی؟,چکار می کنی؟
373,"so, uh, how do they get to earth, then?",…خب چجوری به زمین میرن؟,خوب، حالا چه جور یه جور یه جور یه جور یه زمین؟
374,now get in.,حالا برو داخل,حالا برو داخل
375,you're not gonna hurt him?,تو که باش اسیب نمی‌زنی؟,تو یه جور خوبی یه جور خوبی؟
376,"you got a little newborn, right?",یه بچه کوچیک داری؟,یک بچه کوچیک؟
377,i'm cured. i'm cured.,من خوب شدم من خوب شدم,من خوب شدم من خوب شدم
378,he's that jovan guy.,اون یارو جوان باشه,اون یارو جوانه
379,"be quiet. - dude, i fucked this up so bad.",ساکت باش - بدجور گند زدم پسر -,خفه شو - من یه جور گند زدم پسر -
380,it's okay.,چیزی نیست,چیزی نیست
381,"two, three, four.",دو، سه، چهار,دو، سه، چهار
382,"what's that mean? -""forgot.""",یعنی چی؟ - «یعنی» یادمون رفت -,یعنی چی؟ - «یعنی» یادمون رفت
383,she's currently in tokyo with her sister.,الان توکیوست با خواهرش,حالا توکیو با هرش هستم
384,"i mean, i did good.",یعنی کارم خوب بود,کارم، خوب بود
385,i can't fucking believe this.,باورم نمیشه,قابل تصور نیست
386,clean this shit up.,تمیزش کنین,خوب، خوب،
387,she'll be fine. she's okay.,چیزیش نمیشه حالش خوبه,چیزی نیست، حالش خوبه
388,but heavy enough to anchor barrels in 100-mile-an-hour winds.,اما به‌اندازه کافی هم سنگین هست که بتونه بشکه‌ها رو توی باد با سرعت ۱۶۰ کیلومتر در ساعت، نگه داره,اما به اندازه کافی سنگین است که باید ظرف های ظرف شویی با سرعتی ۳۰ متری در ساعت وارد باد شوند
389,can we not? - maybe just a little.,می‌شه بس کنی؟ - یه کوچولوش رو تعریف می‌کنم -,- خوب، خوب، خوب، خوب، خوب، خوب، خوب، خوب، خوب، خوب، خوب، خوب، خوب، خوب، خوب، خوب، خوب، خوب، خوب، خوب، خوب، خوب، خوب، خوب، خوب، خوب، خوب، خوب، خوب، خوب، خوب، خوب، خوب، خوب، خوب، خوب، خوب، خوب، خوب، خوب، خوب، خوب، خوب، خوب، خوب، خوب، خوب، خوب، خوب، خوب، خوب، خوب، خوب، خوب، خوب، خوب، خوب، خوب، خوب، خوب، خوب، خوب، خوب، خوب، خوب، خوب، خوب، خوب، خوب، خوب، خوب، خوب، خوب، خوب، خوب، خوب، خوب، خوب، خوب، خوب، خوب، خوب، خوب، خوب، خوب، خوب، خوب، خوب، خوب، خوب، خوب، خوب، خوب، خوب، خوب، خوب، خوب، خوب، خوب، خوب، خوب، خوب، خوب، خوب، خوب، خوب، خوب، خوب، خوب، خوب، خوب، خوب، خوب، خوب، خوب، خوب، خوب، خوب، خوب، خوب، خوب، خوب، خوب، خوب، خوب، خوب، خوب، خوب، خوب، خوب، خوب، خوب، خوب، خوب، خوب، خوب، خوب، خوب، خوب، خوب، خوب، خوب، خوب، خوب، خوب، خوب، خوب، خوب، خوب، خوب، خوب، خوب، خوب، خوب، خوب، خوب، خوب، خوب، خوب، خوب، خوب، خوب، خوب، خوب، خوب، خوب،
390,sorry i stole your car.,ببخشید ماشینت رو دزدیدم,ببخشید که ماشین ها دزدیده می شن
391,she was very happy.,اون خیلی خوشحال بود,اون خیلی خوشحال بود
392,"well, she just knows everything, doesn't she?",همه‌چیز دانه، مگه نه؟,همه چیز، دانه، مگر نه؟
393,i'm an irritable wallflower who's dangerously curious.,من یه شب بوی زد بد خلقم که حسابی کنجکاوه,من یک شب بوی یه جور خلق وخیم رو انداختم که اصلا معلومه کنجکاوی
394,i thought you were gonna say the time we peed in the pool.,فکر می‌کردم می‌خوای خاطره شاشیدن‌مون توی استخر رو تعریف کنی,من فکر می کردم می خواهم خاطره شایدن مون تو گلخونه برایت تعریف کنم
395,you gonna transfer the money so she can live?,پول رو انتقال میدی تا زنده بمونه؟,پول منتقل میدی می شه تا زنده بمیره؟
396,we need a 40-foot trailer that's light enough for a pickup,یه تریلر ۱۲ متری نیاز داریم به‌اندازه کافی برای پیکاپ سبک هست,یک تریلر ۱۲ متری برای پیکاپ سبک لازمه
397,"better be careful, man. you pass out like that in vermont, you froze in the snow.",بهتر مراقب باشی پسرتو جوری از حال رفته بودی که انگار توی ورمانت توی برف یخ‌زدگی,پسرتی، بهتر است بهتر از همه تحت تأثیر وضعیت خود قرار گیرد، چون فکر می کردم در اتاق اویرمانت، در اتاق یخ زدن یخ زده
398,i think you need to step in and counsel her.,میخوام مداخله کنی و باهاش صحبت کنی,می خوام وارد بشم و با اونا حرف بزنم
399,no. are you sure?,نه- مطمینی؟ -,نه - ولی مینی؟ -
400,"and a best friend's wedding before you're invited,",و ازدواج دوست صمیمی به دعوت تو مونده,و ازدواج دوست صمیمی به دعوت تو مونده
401,miss kamen?,خانم کمن؟,خانم کونز؟
402,i freaked out.,از خود بی‌خود شدم,از خود بیخود شدم
403,"and when i finally caught up with her,",…و وقتی بهش رسیدم,و وقتی بهش رسیدم
404,whoa!,اوه,اه
405,"no, i mean, you know,",نه. یعنی,نه، منظورم اینه
406,now it's your turn.,الان نوبت تو یه,حالا حرفمو بزن
407,the count hasn't been off in centuries.,قرن هاست که شمارش مشکلی نداشته,قرن ها همیشه تعداد افراد محدود شده است
408,am i saying it right?,درست گفتم؟,خوب، فهمیدم؟
409,6:30? you serious?,۶:۳۰ جدا؟,۶:۳۰ جدا؟
410,what is your position on pizza?,نظرت درمورد پیتزا چیه؟,نظریه در مورد پرتاب چیه؟
411,"let's just, you know, do whatever.",، …بیا فقط..، میدونی هر کار میخوای بکن,فقط، فقط، فهمیدم هر کاری که می خوای بکن
412,"like me? as in, alive?",مثل من؟ یعنی، زنده؟,مثل من؟ یعنی زنده؟
413,log into your account,وارد حسابت شو,به حسابرسی وارد شو
414,hold it right there!,تکون نخورید,ضربه ی تند
415,"oh, no. what did i do?",وای نه، این چه کاری بود کردم؟,نه، این چه کاری بود؟
416,i remember really well.,. من خیلی خوب یادم میاد,من خیلی خوبم یادم میاد
417,"you know, i'm comfortable up here.",میدونی، من اینجا راحتم,فهمیدم، من اینجا راحتم
418,"um, i-if somebody had an animal...",…اگه کسی یه حیوونی داشت,یه نفر ...یه ادم یه ادم یه
419,"um, just, absolutely, um.",حتما,حتما
420,come on!,بالا,بالا
421,tell robert he's out. for now.,به رابرت فعلا بگو بره,به رابرت، حالا به چشم برادر نگاه کن
422,"you're in the cat? - wait, wait, that's my body.",تو توی گربه‌ای؟ - صبرکن، صبرکن، این بدن منه -,تو توی گربه ای؟ - فرورگ، فرورگ، این بدن من بوده -
423,ugh! you're always on me!,اه! دایم رو مخمی,اه، دایم رو مخفی
424,i'll gather all the necessary provisions...,…من همه وسایل مورد نیاز رو جمع می‌کنم,من همه وسایل لازم را جمع می کنم
425,and i've never seen anything that's made me want to live.,و تاحالا هیچ چیزی ندیدم که بتونه منو راضی به زندگی کردن بکنه,و تاکنون هیچ چیز نمی خواستم که منو از زندگی کردن به زشت پوست ننگ راحت کنم
426,"every messy, beautiful piece of her.",تمام ویژگی‌های ناخوشایند و قشنگش رو,تمام یژگی های ناخوشایند و زشت
427,it's child abuse is what it is.,بهش میگن کودک ازاری,بهش می گوید که بچه ی اهل اری
428,the fire hawks have accepted us.,بچه‌های تیم، ما رو پذیرفتن,بچه های تیم، ما باید قبول کنیم
429,it's recommended for someone in your state.,برای یکی با وضعیت شما پیشنهاد میشه,برای یکی از افراد با وضعیت شما پیشنهاد می کنید
430,i did it. i got the gig. yes!,توانستم، انتخاب شدم! اره,تونستیم، انتخاب کنم، ضعیف شدم
431,land! yes! -yes!,خشکی - ایول -,زوزه ی اتول
432,"come on, now. - nope, nope, nope.",زودباش - نه، نه، نه -,زودباش، نه، نه، نه
433,"one night he showed up on my doorstep,",یک شب اومد دم در خونه‌ام,یک شب دمه در خونه ام گذشت
434,"no, no, no, man. she don't play that.",نه، نه، نه، مرد نمیخواد باهاش اجرا کنی,نه، نه، نه، نه، مرد نمی خواهد با اونها اجرا کند
435,"oh, pouchy!",اوه، اقا کیفه,اه، اقای کیمبل
436,i've got the photos of the damage done to your car.,تصاویر خسارت وارد شده به ماشینتون درام,عکس های تصادف به ماشین تونل درام
437,"run your experiment, see if it works.",ازمایشت رو اجرا کن ببین جواب می‌ده یا نه,از مایشتر اجرا کن ببین جواب من جواب من میشه یا نه
438,it's the space between the physical and spiritual.,این فضای بین جسمانی و روحانیه,این فضا بین جسمی و روحانی
439,go home!,! برید خونه هاتون,! برید خونه هایت
440,does this mean i'm dead?,این یعنی من مردم؟,این اسم من مردم است؟
441,i bet you're the best,شرط می‌بندم که شما,شرط می بندم که تو
442,i respect you so much.,من خیلی برات احترام قایلم,من خیلی راحتم
443,disrupting tornado dynamics.,مختل‌کردن دینامیک گردباد,دوره ی دوره ی دیم یوم را مختل می کرد
444,but someone might need help.,اما شاید یه نفر به کمک نیاز داشته باشه,اما شاید یک نفر به کمک نیاز داشته باشه
445,sarah adopted this kid.,سارا این بچه رو به فرزندخواندگی گرفته,سارا، این بچه رو به خواندن خواندن بچه گرفته
446,"come on. come on, come on!",یالا. یالا,یالا، یالا
447,thought college might be better for my brain.,با خودم گفتم کالج رفتن فایده بیش‌تری برای مغزم داره,با خودم گفتم که رفتن کالج برای مغزم بیش از همه زحمت دارد
448,"anyway, i never got my spark.",به هر حال من هیچ وقت جرقه‌ام رو پیدا نکردم,به هر حال من هیچ وقت جرقه ام رو پیدا نکردم
449,"and that means we hit the ice early,",و این یعنی باید زودتر به پیست هاکی برویم,و این باید زودتر به پیست هاکی برسیم
450,hungry?,گرسنه نیستی؟,زشت نیست؟
451,everybody act regular. it's valentina ortiz.,. همگی عادی رفتار کنید والنتینا اورتیزه,همگی رفتار عادی با شما داریم، والنتینا اوریسیته
452,"look, i know you love playing.",ببین، میدون تو عاشق نواختنی,ببین، میدون تو عاشق نو پینزونی
453,"i mean, not that it matters at this point,",نه که الان مهم باشه,نه، حالا که مهمه
454,i'm sarah. - rebecca.,من سارام - ربکا -,من سارام - ربکا -
455,riley!,رایلی,رایلی
456,i'm not good enough at all.,من اصلا خوب نیستم,من هیچ وقت خوب نیستم
457,i only do what she makes me do.,فقط کاری می‌کنم که مجبورم کنه,فقط کاری می کنم که بتوانم انجامش بدهم
458,"it's your time to go, joe gardner.",وقت رفته جو گاردنر,وقتی جو گاردنر رفته بود
459,"joy, i'm doing this for you!",شادی، دارم این کار رو به‌خاطر تو می‌کنم,خوشبختی، من این کار را به خاطر تو انجام می دهم
460,"no, no, no. we've got to drop the barrels in its path.",نه، نه، نه. باید بشکه‌ها رو توی مسیر گردباد بندازیم,نه، نه، نه، نه، باید ظرف شویم توی راهرو گردباد بروند
461,and orange?,چرا داخلش نارنجی شده؟,چرا داخلش انقدر نارنجی شده؟
462,but what... what filled in the last box?,…اما چی چی جای اخر رو پر کرد؟,ولی چطور چطور اخرین بار باید تمام بشه؟
463,"thanks, coach roberts.",ممنون، مربی رابرتس,متشکرم، مربی رابرتز
464,could you help us get out of here?,می‌شه کمک‌مون کنی از اینجا خارج بشیم؟,میشه کمک مون کنی از اینجا خارج بشی؟
465,"all right, let's not get distracted.",خیلی‌خب، حواس‌تون پرت نشه,خیلی خب، چشم هایت شلوغ شده
466,"kate. here, take some food.",کیت بیا، با خودت غذا ببر,کیی، بیا، با غذای خودت ببر
467,i've been waiting my whole life for this very moment.,کل زندگیم رو منتظر این لحظه بودم,زندگی من این لحظه منتظرم بود
468,likely scenarios.,سناریوهای احتمالی هستند,وضعیت مالی لازم هم هست
469,he fucking shot me!,بهم شلیک کرد,به من تقلید کرد
470,"the one, the only...",…معرفی می‌کنم,... معرفی می کنم
471,tomorrow is everything.,فردا روز خیلی مهمیه,فردا روز خیلی مهمه
472,when your expectations are so high.,وقتی‌که انتظارات بالا باشه,وقتی که انتظارات بالا بره
473,"yes, ma'am.",اره,اره
474,no.,نه,نه
475,mm-hmm.,اوهوم,اوه
476,no. no. no.,نه، نه، نه,نه، نه، نه
477,okay. - thank you.,خیلی‌خب - ممنون -,خیلی خب - متشکرم -
478,love you. - love you.,دوستت دارم - منم دوستت دارم -,دوست دارم - من دوست دارم -
479,"no. i've gotta find it here, on earth.",نه من باید اینجا پیداش کنم روی زمین,نه، من باید اینجا پیداش کنم روی زمین
480,"how you doin'? hi, rick. how are ya?",چیکارا می‌کنی؟ «سلام» ریک چطوری؟,چه جور کسی میاد؟ «بسیار خوب، تریس، چه جور اتفاقی افتاده؟
481,uh-oh!,اوه اوه,اه، اه
482,"anxiety has got you all chained to desks,",اضطراب، شما رو به این میزها غل و زنجیر کرده,اضطراب، تو به این میزها می روی، چرخش می کنی
483,"once you get a lawyer,",وقتی وکیل بگیری,وقتی کیل بگی
484,"oh, yeah. or that.",اره، این هم می‌شه,اره، همینطوره
485,let's hold off on any alerts.,بیاید فعلا هیچ هشداری صادر نکنیم,حالا بیا، هیچ هشداری صادر نشده
486,smash as many as you can! -joy!,تا جایی که می‌تونید بشکونیدشون - شادی -,تا جایی که میتونیم مثل یه نفر مثل یه نفر مثل یه نفر مثل یه نفر توی دنیا بخوابیم
487,"okay, we should, um...",…خیلی‌خب، باید,خیلی خب، باید
488,she going the wrong way?,داره اشتباه می‌ره؟,آیا دارم یه جور اتفاقی می افتم؟
489,we're very happy.,ما خیلی خوشحالیم,ما خیلی خوشحالیم
490,it'll happen.,میوفته,مثل موش
491,it's a ridiculous story.,داستان مسخره‌ایه,داستان مارکو
492,"so this is an ef1, perfect conditions.",پس این یه گردباد فوجیتای یک‌ه با شرایط ایده‌ال,پس این یه آذرخش یه تیویه ی یک ان با شرایط منطقه ی اتاق
493,she's not-- she's not staying at little jason's.,…اون. اون با «جیسون کوچولو» واینمیسته,او، اون با «جیسون کوچولو» و ان حرفش را قطع کرد
494,"i hope i see you, man. all right. peace.",امیدوارم ببینمت مرد خیلی خب، به امید دیدار,امیدوارم که جلو چشمم را ببینم، خیلی خب، به امید دیدار
495,"andersen, penalty box, two minutes.",اندرسن، به مدت دو دقیقه محرومی,اندرنسون، در عرض دو دقيقه ی گذشته
496,he's just a little baby.,اون فقط یه بچه ست,اون فقط یک بچه است
497,"oh, wow. - see?",اوه وای - می‌بینی؟ -,اه، وای، موبینی؟
498,"hockey scholarship, here we come!",بورسیه‌ی خاکی، اماده باشد که اومدیم,گروه گروه گروه گروه گروه گروه گروه گروه گروه گروه گروه گروه گروه گروه گروه گروه گروه گروه گروه گروه گروه گروه گروه گروه گروه گروه گروه گروه گروه گروه گروه گروه گروه گروه گروه گروه گروه گروه گروه گروه گروه گروه گروه گروه گروه گروه گروه گروه گروه گروه گروه گروه گروه گروه گروه گروه گروه گروه گروه گروه گروه گروه گروه گروه گروه گروه گروه گروه گروه گروه گروه گروه گروه گروه گروه گروه گروه گروه گروه گروه گروه گروه گروه گروه گروه گروه گروه گروه گروه گروه گروه گروه گروه گروه گروه گروه گروه گروه گروه گروه گروه گروه گروه گروه گروه گروه گروه گروه گروه گروه گروه گروه گروه گروه گروه گروه گروه گروه گروه گروه گروه گروه گروه گروه گروه گروه گروه گروه گروه گروه گروه گروه گروه گروه گروه گروه گروه گروه گروه گروه گروه گروه گروه گروه گروه گروه گروه گروه گروه گروه گروه گروه گروه گروه گروه گروه گروه گروه گروه گروه گروه گروه گروه گروه گروه گروه گروه گروه گروه گروه گروه گروه گروه گروه گروه گروه گروه گروه گروه گروه گروه گروه گروه گروه گروه گروه گروه گروه گروه گروه گروه گروه گروه گروه گروه گروه گروه گروه گروه گروه گروه گروه گروه گروه گروه گروه گروه گروه گروه گروه گروه گروه گروه گروه گروه گروه گروه گروه گروه گروه گروه گروه گروه گروه گروه گروه گروه گروه گروه گروه گروه گروه گروه گروه گروه گروه گروه گروه گروه گروه گروه گروه گروه گروه گروه گروه گروه گروه گروه گروه
499,"wait, hold on.",صبر کن، وایسا,صبر کن، ویسا
500,i really do.,واقعا می‌گم,راستش، من گمش کردم
501,wow.,وای,بله
502,"curley! uh... no, no.",کورلی اوه، نه، نه,کورلی، نه، نه
503,that i might be working on my life?,من شاید روی زندگی خودم کار می‌کنم؟,من می تونم توی زندگی خودم کار کنم؟
504,since you killed sully.,علیهت بشه,علیه حضرت
505,"which one's it gonna be, kate? - okay, i'm on it.",سراغ کدوم بریم کیت؟ - خیلی‌خب، الان می‌گم -,- به سمت کدوم بریم کیت؟ - خیلی خب، حالا میگم
506,"oh, yeah? what happened?",اوه، جدا؟ چی شد؟,اوه، جدا؟ چه اتفاقی افتاد؟
507,"you know her, you love her,",ایشون رو می‌شناسید و دوستش دارید,اونا رو شناخته می کنم و دوستش دارم
508,"dad, stop.",بابا بس کن,بابا بلاک کن
509,is 200 miles per hour.,‏ ۳۲۲ کیلومتر بر ساعت‌ه,۳۲۲ کیلومتر در ساعت ا
510,wanna come this time? -yes.,می‌خوای این دفعه بیای؟ - اره -,ایا این بار می خوای بیای؟ اره
511,"i mean, you say that,",تو اینجوری فکر می‌کنی,تو اینجوری فکر می کنی
512,you were right back there.,حق با تو بود,حق با تو بود
513,do you see a key?,کلیدی می‌بینید؟,کلیدی می بینید؟
514,"the suit is wool, not polyester.",این لباس پشمیه نه پلی‌استر,این لباس لباس پلو استر نه
515,"all right, this is the last snack.",خیلی خب این اخرین خوراکیه,خیلی خب، این اخرین خوراکی
516,"you're okay, you're okay.",چیزی نیست چیزی نیست,چیزی نیست چیزی نیست
517,"well, i doubt it. fine.",. بعید می‌دونم …باشه,عید می دونم ... خوبه
518,i... i know.,…من من میدونم,من ... من ... من ...
519,"but every year, i do a three-day skills camp.",ولی هر سال، یک اردوی استعدادیابی برگزار,اما هر سال یک گروه قابلیتیابی شروع می شود
520,yep. sometimes the old ways are better than the new.,اره. بعضی‌وقت‌ها روش‌های قدیمی از روش‌های جدید بهترین,اره، بعضی وقت ها روش های قدیمی از روش های جدید، بهترین روش های جدید
521,i'm sleeping over. yes!,من استراحت می‌کنم اره,من راحت میشم، اره
522,"okay, take these.",خیلی‌خب، این رو بگیر,خیلی خب، ببین
523,when do you want to head out?,کی می‌ریم؟,کی میریم؟
524,just--,…فقط,فقط
525,it inhibits a storm from forming.,جلوی شکل‌گیری طوفان رو می‌گیره,ضربه ی ضربه ی طوفان جلو می افته
526,i'm always counting. i'm counting right now.,من همیشه حساب می‌کنم الان هم دارم حساب می‌کنم,من همیشه حساب می کنم، الان هم حساب می کنم
527,see you at the half note at 6:30!,ساعت ۶:۳۰ توی هف نوت میبینمت,ساعت ۶:۳۰ در اتاق اچ ایس
528,ow! -sorry.,اخ - ببخشید -,ه ه ه ه ه ه ه ه ه ه ه ه ه ه ه ه ه ه ه ه ه ه ه ه ه ه ه ه ه ه ه ه ه ه
529,oh. hmm.,اوه. هوم,اه، هوم
530,"i, uh, i was on my way",داشتم میومدم,خوبه، میکوم
531,i'm tired!,من خسته‌ام,من خسته ام
532,she has no memory of the last several hours.,یادش نمیاد,یادش نمیاد
533,"wait, wait, wait! - hey, hey, hey!",! صبر کن، صبر کن، صبر کن -! هی، هی، هی -,صبر کن، صبر کن، صبر کن، صبر کن، هی، هی، هی
534,"joy, i'm just curious. maybe, um, i could help...",. شادی، صرفا کنجکاوم …شاید بتونم کمک کن,خوشبختی، صرفا کنجکاوی ...شاید، من باید کمک کنم
535,we'll see you in a few days. -have fun!,چند روز دیگه می‌بینیم‌تون - خوش بگذره -,چند روز دیگه ی دیگه ی دیگه ی دیگه ی دیگه ی دیگه ی دیگه ی دیگه ی دیگه ی دیگه ی دیگه ی دیگه ی دیگه ی دیگه ی دیگه ی دیگه ی دیگه ی دیگه ی دیگه ی دیگه ی دیگه ی دیگه ی دیگه ی دیگه ی دیگه ی دیگه ی دیگه ی دیگه ی دیگه ی دیگه ی دیگه ی دیگه ی دیگه ی دیگه ی دیگه ی دیگه ی دیگه ی دیگه ی دیگه ی دیگه ی دیگه ی دیگه ی دیگه ی دیگه ی دیگه ی دیگه ی دیگه ی دیگه ی دیگه ی دیگه ی دیگه ی دیگه ی دیگه ی دیگه ی دیگه ی دیگه ی دیگه ی دیگه ی دیگه ی دیگه ی دیگه ی دیگه ی دیگه ی دیگه ی دیگه ی دیگه ی دیگه ی دیگه ی دیگه ی دیگه ی دیگه ی دیگه ی دیگه ی دیگه ی دیگه ی دیگه ی دیگه ی دیگه ی دیگه ی دیگه ی دیگه ی دیگه ی دیگه ی دیگه ی دیگه ی دیگه ی دیگه ی دیگه ی دیگه ی دیگه ی دیگه ی دیگه ی دیگه ی دیگه ی دیگه ی دیگه ی دیگه ی دیگه ی دیگه ی دیگه ی دیگه ی دیگه ی دیگه ی دیگه ی دیگه ی دیگه ی دیگه ی دیگه ی دیگه ی دیگه ی دیگه ی دیگه ی دیگه ی دیگه ی دیگه ی دیگه ی دیگه ی دیگه ی دیگه ی دیگه ی دیگه ی دیگه ی دیگه ی دیگه ی دیگه
536,"this has nothing to do with leigh. yes, it does, damn it!",". این هیچ ربطی به «لی» نداره -! چرا,داره,لعنت -",هیچ ربطی به «تی» نداره - چرا، چرا، لعنت به -
537,i'm gonna have to resign. no.,. من باید استعفا بدم -. نه -,من باید استعفا بدم را بدم کنم نه
538,okay.,. باشه,خوبه
539,i would die a happy man,من از خدامه بتونم با,من از خدام می خواهم
540,"it's not good. i mean, i'm not--",خوب نیست …منظورم اینه که,خوب نیست ... یعنی اینکه
541,"can't miss from in there. - oh, shit.",توش که باشیم، دیگه خطا نمی‌زنیم - اوه لعنتی -,اوه، لعنتی، حالا که باید حرف بزنیم، حالا دیگر خطا نمی زنیم
542,he has a mom.,یه مامان داره,مامان هم داره
543,how about we launch some new rockets?,چطوره چندتا فشفشه هوا کنیم؟,چطوره چند تا شیشه توی هوای ما؟
544,her sense of self.,هویت,حافظه
545,stick? -yes.,چوب هاکی؟ - باهامه -,چوب ابی؟ - باهامه -
546,i want you to sit down and shut up.,میخوام بشینی و خفه شی,می خوام بشقاب بزنم و خفه شوم
547,and my personal favorite...,: و باور موردعلاقه‌ی من اینه,و فکر مورد علاقه من اینه
548,"yeah, i think so.",اره، من هم موافقم,اره، من هم قبول دارم
549,"oh, my god.",اوه خدای من,اه خدای من
550,band is a stupid waste of time.,گروه یه راه مزخرف هدر دادن زمانه,گروهی از این راه برای تلف کردن زمانه
551,come on.,زودباش,زودباش
552,and then we're gonna take the sodium polyacrylate,…و بعدش شدیم پلی‌اکریلات رو,بعد از ظهر پلی کریه
553,i'm beginning to.,کم‌کم دارم می‌فهمم,کم کم، من می فهمم
554,"pouchy, we need to get back to headquarters.",اقا کیفه، باید برگردیم به مرکز فرماندهی,بانو کیما، باید به فرماندهی مرکزی برگردیم
555,no!,نه,نه
556,"oh, you're the one coach told us about.",تو همونی هستی که مربی تعریفش رو کرده بود,من همونی هستم که کاراگاه توضیحاتش را داده بودم
557,but how are we gonna score three goals?,ولی چطور سه‌تا است بزنیم؟,ولی چه طوری سه تا شروع شد؟
558,you didn't bring an umbrella?,تو چتر با خودت نیاوردی؟,تو چتر با عجله ی خودت میری؟
559,it's sad.,ناراحت کنندگی,راحتی
560,"so, let me see, i need the suit fixed for a, uh, school band recital.",پس بذار ببینم، من کت و شلوار رو برای اجرای گروه موسیقی مدرسه میخوام درست کنم,پس بذار ببینم، من کت وشلوار برای اجرای گروه موسیقی می خواهم برایم خوب باشه
561,"hang on, hang on. what are y'all laughing at?",صبرکنید، صبرکنید به چی می‌خندید؟,صبر کن، صبر کن، به چه چیزی می خندیدم؟
562,you're right.,راست میگی,راست میگی
563,yee-row!,! بی رو,! بی طرف
564,it's the only way for us to know how we can do better.,فقط اونجوری می‌تونیم بفهمیم که چطور می‌تونیم عملکرد خوبی داشته باشیم,فقط یه ذره باید بدونیم که چه طوری باید عملکرد خوبی داشته باشیم
565,all right.,خیلی‌خب,خیلی خب
566,"oh, cool. where in michigan are you from?",ایول. اهل کجای میشیگانی؟,ایول، اهل کجای میشیونی؟
567,"whew, there he is. - hey, curley.",اوه، اومدش - سلام کورلی -,اه، ایمل - سلام کورلی -
568,i talked to isaac. it's all good.,با ایزاک صحبت کردم چیزی نیست,با ایزاک حرف زدم چیزی نیست
569,"hey, moonwimp!",هی مون ویمپ,هی مون ویمپ
570,i would never do anything to mess you up.,محاله کاری بکنم که به ضرر تو تموم بشه,دخترک، کار خوبی کرد که به خاطر تو تمام بشه
571,i'll have friends.,دوست پیدا می‌کنم,دوست من پیدا می شه
572,for the future is meant to be seized...,برای ایندگان این به معنای به تصرف در اوردن هست,برای افراد متحد این معنای صرفه در اورلدن است
573,"sadness, what's wrong?",غم، چی شده؟,غم، چه اتفاقی افتاده؟
574,jovan.,جوان,جوان
575,"please. lemme, just lemme live.",خواهش می‌کنم فقط بذار زنده بمونم,لطفا فقط بگذار زنده بمونم
576,"yeah, those were the days.",اره، یادش به‌خیر,اره، به خوبی یادت باشه
577,obviously.,معلومه,معلومه
578,"22, you come out of this dimension right now.",شماره ۲۲ از این بعد بیا بیرون! الان,شماره ۲۲ از این طرف، بعدا بیایید بیرون، حالا
579,"22, stop. i have something to tell you.",شماره ۲۲ صبرکن باید یه چیزی بهت بگم,شماره ۲۲، فرورگ، باید یک چیزی بهت بگم
580,i can't see it right now. i lost it.,نمی‌تونم ببینمش گمش کردم,نمیتونم ببینم، گند زدم
581,i mean... no.,یعنی نه,نه
582,that's fancy.,باحاله,خوب
583,it's hard to see them like that.,سخته در اون وضعیت ببینیشون,در این وضعیت برای فهمیدن اونها زحمت کشیدن به خرج داد
584,"okay, look, if you just tell us",خیلی خب ببین اگه فقط بهمون بگی,خیلی خب، ببین اگر فقط مامان باشی
585,"nine times out of ten, it's a false alarm.",از هر ده بار، نه بارش هشدار اشتباهی‌ه,از هر ده بار، نه هشدار زشت و زشت
586,"i'm fucking bleeding, man.",دارم خونریزی می‌کنم داش,من خونریزی دارم، می خواهم توول
587,yeah.,اره,اره
588,i love our girl. -how could you not?,عاشق دخترمونم - مگه می‌شه عاشقش نبود؟ -,عاشق دخترمونم - ایا ممکنه خوب نباشه؟ -
589,"she goes away for three days and all we get is, ""good""?",سه روز رفته بود اونجا، بعد حالا یه «خوب بود» خشک و خالی تحویل‌مون می‌ده؟,سه روز دیگه اینجا گذشت، بعد از این یه «خوب شد» ابی گیل و خالی به مون می ده دستور داد؟
590,"don't look, it's fine.",نگاه‌ش نکنید، طوری نیست,ببین، معلومه که نمیشه
591,damn!,! لعنتی,لعنتی
592,praise the lord.,خدا رو شکر,خدایا، ممنون
593,you know what? good luck...,…می‌دونید چیه؟ موفق باشید,- ... - ... نمی دونم چیه؟ - خوب شدی
594,"hey, mrs. carter! - we miss you.",! سلام خانم کارتر - دل‌مون براتون تنگ شده -,- سلام خانم کارتر - دل مون برتون گم شده -
595,"well, about time i manned up, right? [ chuckles ]",خب، درباره‌ی وقت، کنترلش کردم دیگه، اره,خوب، در مورد زمان، ترلش کردم دیگه، اره
596,do you know the kids who live here?,بچه‌هایی که اینطرفا زندگی میکنن رو می‌شناسی؟,بچه هایی که این طرفا زندگی می کنند، مثل موشکافی هستند؟
597,"we're truly glad to have you here, dr borgensson.",ما واقعا خوشحالم که شما اینجایید دکتر بورگنسون,واقعا خوشحالم که شما دکتر برونسون هستید
598,i actually just spoke to the lab,تازه با ازمایشگاه صحبت کردم,وقتی که به درمانگاه رسیدم، من حرف زدم
599,"no, no, no. not on the lips.",نه، نه، نه لباس نه,نه، نه، نه، نه لباس
600,"hey, sorry, am i interrupting the date?",سلام. ببخشید. مزاحم دیتتون شدم؟,خوبه، خوبه، تیمیتتون هنوز بهم زده؟
601,it's not looking so good.,وضع خیلی خوب نیست,وضعیت خیلی خوبه؟
602,"okay, she's got to be here somewhere. find her.",. خیلی‌خب، باید همین‌جاها باشه پیداش کنید,خیلی خب، باید همین جاها باشه، پیداش کن
603,awooga!,دودو رو دودودو,دودو، دودو، دودو
604,i'm sorry!,متاسفم,متاسفم
605,no! no way am i step...,…نه! عمرا اگه برم روش,نه، ماری، اگر نرم تر برم
606,bring it in!,جمع شید,جمع کردن ییل
607,javi. let's roll.,خاوی بریم,ماری بریم
608,"got investors, you know.",سرمایه‌گذار دارم,من سرمایه گذار هستم
609,so do i start talking?,خب شروع به حرف زدن کنم؟,خب، شروع به حرف زدن کنم؟
610,why it was us that made it out of there?,چرا ما از اون حادثه جون سالم به‌در بردیم؟,چرا ما از اون اتفاق جون سالومه در بریم؟
611,but i don't think you realize how privileged this experience is.,ولی من فکر می‌کنم که تو دقیقا نمیدونی این چه تجربه و خاصیه,اما من فکر می کنم که من اصلا نمیدونم چه تجربه ای و چه خصوصیاتی
612,i've had thousands of mentors who failed and now hate me.,من هزاران مربی داشتم که شکست خوردند و الان از من متنفرن,من هزاران راننده دارم که شکم خورده و حالا از من متنفرم
613,"i'm looking at a tall rope due north of us,",…یه گردباد طنابی در شمال ما قرار داره,یک چرخ طنابی در شمال ما قرار دارد
614,ow!,اخ,ه ...ه
615,"tell her no. - uh, no.",بهش بگو نه - اوه، نه -,بهش بگو نه - اه، نه -
616,to keep you as a baby forever.,که تو رو به عنوان یه. بچه نگه داره,که تو به عنوان یه رفتار می کنی بچه جون، نگهدارش می کنم
617,"we should match, right?",بهتره ست کنیم، هان؟,بهتر است لباس بپوشیم، ها؟
618,"wait, wait! you can't leave it like this.",وایسید ببینم، حق ندارید این وضعیت رو ول کنید و برید,وایسید ببینم، اصلا نمیتونم این وضعیت رو خوب کنم، زودتر برو
619,"she was a little older, but i figured, why not?",یکم بزرگتر بود ولی گفتم چرا که نه,یکم بزرگتر بود ولی گفتم چرا، نه
620,"uh, it's looking like the inflow is cranking on the right.",به‌نظر میاد جریان داخلی سمت راستی داره کج می‌شه,به نظر میاد روند داخلی در سمت راست، عالی است
621,i'm working on it.,دارم سعی می‌کنم,من دارم سعی می کنم
622,"so small, on a lake.",خیلی کوچک کنار برکه,کمی کوچک، در مقابل برکه
623,it's anxiety.,به‌خاطر اضطراب,به خاطر اضطراب
624,[ leigh ] i'll do it.,. من انجامش میدم,من باید نگهداری کنم
625,hell.,جهنم,گور
626,but what?,ولی چی رو داره مخفی می‌کنه؟,ولی چه طوری باید تحت فشار قرار گیرد؟
627,maybe stay home? is that okay?,میشه خونه بمونی؟ مشکل نداره؟,آیا خونه ی نیمه کاره است؟ شکلی نداره؟
628,what's happening? are you his mother?,چی شده؟ تو مادرشی؟,چی شده؟ تو مامانزاده؟
629,"begins to rotate the updraft, forming a mesocyclone.",جریان بادی عمودی رو می‌چرخونه در نتیجه، به میان‌چرخند تشکیل می‌ده,بادی های عمودی به سمت چرخیدن می روند، در نتیجه، در میان صدای خفقان شرکت می کنیم
630,i was just trying to protect her.,صرفا سعی داشتم ازش محافظت کنم,خوب، بهتر است ازش محافظت کنم
631,cougar. i knew it.,کوگار «، میدونستم» (زنی که با افراد کوچکتر رابطه برقرار می‌کند),کوگار «، میدونستم» «زنی که با افراد کوچک تر رابطه ی رابطه ای قطعی دارد
632,"see? riley then, riley now. riley then, riley now.",. می‌بینید؟ رایلی قبل و رایلی بعد رایلی قبل و رایلی بعد,فهمیدی؟ رایلی، رایلی، رایلی، رایلی، رایلی، رایلی، رایلی، بعد از این
633,what about your boss?,رییس ت چی؟,راس اس تی چی؟
634,real problems. you get me?,مشکلات واقعی؟ می‌فهمی؟,مشکلات واقعی؟ می فهمی؟
635,we're so close.,خیلی نزدیکترین,خیلی نزدیک تر
636,we... we got assigned to a different high school.,فرستادن‌مون یه دبیرستان دیگه,اهل مین یه دبیرستان
637,"sweetheart, i'll talk to mom, and we'll smooth this out. okay?","عزیزم دلم,من با مامانت صحبت می‌کنم و درستش می‌کنم. باشه؟",عزیزم، من با مامان ها حرف می زنم و حرف می زنم، باشه؟
638,but we can't let her know we're excited.,ولی نباید بفهمه که هیجان‌زده‌ایم,ولی نباید بفهمیم که هیجان زده ایم
639,hello?,سلام؟,بله؟
640,"i mean, here you are,",اخه تو الان,هجی، حالا
641,"uh, got a cape of 4,000.",شاخص پتانسیل همرفتی، ۴۰۰۰ ژول‌ه,قابل توجه پتانسیل همربوری، ۴۰۰۰ جین
642,right. okay.,درسته خیلی‌خب,لاسکا خیلی خب
643,thanks. appreciate it.,ممنون متشکر,متشکرم، متشکرم
644,"or a list of all the worst players,",یا اگه لیست بدترین بازیکن‌ها رو نوشته باشه,یا اگر لیست بهترین بازیکن ها را برای خودش تنظیم کنه
645,we got a look. i don't like this.,. طرز نگاهش عجیبه حس خوبی ندارم,رفتار عجیب و عجیب ، حس خوبی ندارم
646,"bree and grace's team win,",تیم بری و گریس پیروز می‌شن,تیم بری و گریس، شادمانی می شن
647,"i'm in new york city, on the corner of 14th and 7th.",من توی نیویورک گوشه خیابان ۱۴ ام و ۷ ام هستم,من در خیابان نیویورک مرکزی ۱۴ ام و ۷ ام دارم
648,moonwind.,مون ویند,مون وویند
649,"once i leave, everything...",",همینکه ترک کنم …همه چیز",حالا که ترکم کن ...همه چیز
650,"we're going chasing... uh, we're gonna kill a tornado, right?",…می‌ریم برای تعقیب می‌خوایم یه گردباد رو نابود کنیم، درسته؟,برای تعقیب میمونی می خوایم یک گردباد را خنثی کنیم، درسته؟
651,"it's weighing on her, so let's lighten the load.",، برده اذیت‌کننده‌ست پس بیاید راحتش کنیم,برده اذیت کننده است پس راحت باش
652,"joy, i can't do it.",شادی، از پسش برنمیام,خوشی، از پسش نباید چشم بپوشی
653,"oh, and someone named lisa. who's that?",اوه و یه نفر به اسم لیسا لیسا کیه؟,اه، یک نفر به نام لیسا، لیسا کیه؟
654,"i'll tell you what,",گوش کن ببینم,گوش کن، ببین
655,tell her that this one is different.,بهم بگو این یکی فرق میکنه,به من بگو این یکی فرق می کنه
656,"stay away from windows. no cars, all right?",از پنجره‌ها فاصله بگیرید توی ماشین هم نرید، باشه؟,از پنجره ها فاصله بگیرید توی ماشين هم نروید، باشه؟
657,help me!,! کمک,! کمک
658,"come on, riley.",سارا رایلی,سارا رایلی
659,...and join us inside.,و داخل بهمون ملحق بشید,و در ان موقع به مانوس هم پیوست
660,i'm a cat. i can make this.,من یه گرم از پسش بر میام,من از پشت سر بخاری گرمم
661,"and i've heard music before, but i've never felt like this inside.",من قبلا موسیقی شنیدم اما تاحالا همچین حسی درونم نداشتم,من قبلا موسیقی شنیدم اما تا حالا حسی عجیب و غریب به من دست نداد
662,"it's loud, and bright, and...",خیلی سروصدا زیاده …و روشنه و,خیلی صدای سر و صدای تند و تند ...و روشن و روشن
663,this is rebecca's kid. he's a year old.,بچه ربکاست یه سالشه,بچه راسکلاس، یه سالشه
664,he was sure someone was after him.,مطمین بود یکی دنبالشه,معلومه که یکی از اونها دنبالشه
665,"if we don't like their music,",اگه سلیقه موسیقیایی‌مون باهاشون یکی نباشه,اگر سلیقه موسیقی مینی با اونها باشه، یکی هم نیست
666,animal. meat.,عناوین. گوشت,ادب و نزاکت
667,hi.,سلام,خوب
668,dr borgensson is a world-renowned child psychologist,دکتر بورگنسون یکی از معروف‌ترین دکتر کودکان جهان,دکتر برونسون، یکی از معروف ترین دکتر کوچک های جهان
669,i was riding with.,شرط بست سر همه چیز,همه چیز را خوب پوشانید
670,"jason, where's your dad? i need to speak to him.","جیسون «,بابات کجاست؟». باید باهاش صحبت کنم",جیسون «، لباس پوش کجاست؟ باید با اونها صحبت کنیم
671,i'm one of riley's new emotions.,یکی از احساسات جدید رایلی‌ام,یکی از احساساتی که برای مثال رایلی ام دارم
672,"oh, hello! hello.",! اوه، سلام - سلام -,اوه، سلام - بله -
673,"shit, my dad could do this in, like, two months.","گه بزنن,پدرم میمونه اینکارو. تو,دو ماه بکنه",گمشو، پدر مادرم توی اینکارو گمشو، تو، دو ماه بکش
674,yeah. no big deal.,اره. ایرادی نداره,اره، مشکوکی نداره
675,he's insane.,طرف دیوونه‌ست,طرف دیوانه است
676,"so, matt went to vermont.",". خب, «مت» رفته ورمانت",خوب، مات رفت ورمانت
677,"can sometimes feel unhelpful at first,",احساسات جدید، اوایلش به‌نظر بی‌فایده میان,احساساتی جدید، ولی نسبت به نظرش اصلا اهمیت ندارد
678,i'm not good enough.,من ناکافی‌ام,من زحمت کشیده ام
679,"ooh, just turn a little bit right there. - like this?",فقط یکم بچرخ رو به اونور؟ - اینجوری؟ -,فقط یکم بچه رو به یه طرفه می بره؟ - اینجوری؟ -
680,just what this one needed.,دقیقا همون چیزی که این نیاز داشت,همان چیزی که این نیاز به او بود
681,i want a stormpar radar right there,…یه رادار استورم‌پار می‌ذارم اونجا,من رادار استورم پار می کنم
682,thanks so much. bye! -don't miss us too much.,خیلی ممنون. خداحافظ - زیادی دلتنگ‌مون نشد -,خیلی متشکرم خداحافظ خداحافظ - بیش از حد مامان غمگین نشده -
683,or you just take a few minutes. sure.,یا چند دقیقه وقت داری حتما,یا چند دقيقه دیگه باید دیر کنی
684,"would be very, very different.",",خیلی. خیلی متفاوت میشه",خوبه، خیلی فرق می کنه
685,oh...,…اوه,اه ...
686,"red and puffy, do we?",بریم جلوشون، بد می‌گم؟,جلو شون رو می گیرم، بد میگم؟
687,"turn that off, joy!",خاموش کن شادی,موشکاف باش
688,"because it seems like no matter what i do, you disapprove.",چون اصلا مهم نیست که من چیکار می‌کنم تو همیشه باهاش مخالفی,ولی مهم نیست که من چه طوری باید به من جواب دهم، من همیشه با اونها مخالفم
689,we're doing major renovations.,داریم تعمیرات اساسی می‌کنیم,تعمیرات نظامی را برای ما می کنیم
690,"fuck, against the wall, or what?",روم به دیوار باشه یا نه؟,روم به دیوار خوبه یا نه؟
691,find your spark? my life was finally going to change!,جرقه‌ات رو پیدا کنی؟ زندگیم داشت بالاخره تغییر می‌کرد,گوربه ات را پيدا کردید؟ زندگی من بالاخره تغییر کرد
692,the stream of consciousness.,رود اگاهی,رود ابی
693,"javi, the... the tornado is headed to a small town.",خاوی، گردباد داره می‌ره به سمت یه شهر کوچک,میری، گردباد می خواهد به سمت یک شهر کوچک رهسپار شود
694,you got the kid.,بچه رو گرفتی,بچه رو گرفتم
695,"no, no.",نه، نه,نه، نه
696,how's it going?,چطور پیش میره؟,چه طور پیش از ماریا؟
697,make a trade. make a trade.,داد و ستد کن داد و ستد کن,داد و ستد کن، داد و ستد کن
698,kate! kate!,! کیت! کیت,کیت کیت
699,but goofball is still monkeying around.,ولی جزیره مسخره‌بازی هنوز درحال مسخره‌بازیه,اما بازی های جزیره پوشک هنوز در مورد بازی های پوشک
700,i don't think so. no.,فکر نکنم. نه,فکر نکن، نه
701,"yeah, well, didn't help these people any.",اره، اما نتوانستیم به این مردم کمک کنیم,اره، اما نباید به این مردم کمک کنیم
702,and it was just--,…و من باید,من باید
703,"the data doesn't see what kate sees, remember?",داده‌ها چیزی که کیت دیده رو نمی‌بینن، یادته؟,داده ها چیزی هستند که کیی دیده بود، فهمیدی؟
704,"yeah, yeah. text me before you start.",اره. اره. قبل شروع بهم پیام بده,اره، اره، قبل از اینکه شروع کنه، به من پیام بده
705,"we get you out of that jar,",ما از بطری درون میاریم,ما از گروه داخلی میریم
706,permits just came through.,مجوزش تازه صادر شد,پیام شرف صادر شده
707,"when i was nervous, dez gave me this.",وقتی اضطراب داشتم در اینو داد بهم,وقتی که اضطراب داشتم، این کار را کردم
708,why am i in a police station?,چرا تو اداره پلیسم؟,چرا دفتر پلیسم رو اداره می کنم؟
709,i don't want to.,نه، نمی‌خواهم,نه، نمی خواهم
710,whoa.,وای,بله
711,what do these do? - that's a...,این چی کار می‌کنه؟ - …این یه -,این چطوری میشه؟ - ... این هم -
712,look at the fucking hair.,موهاشو ببین,اره، اره
713,there it is.,خودشه,خودت هستی
714,hello?,سلام؟,بله؟
715,she doesn't care about any of that.,به هیچ کدومش اهمیت نمیده,به هیچ کدوم از این ها اهمیت نمی ده
716,"oh, is brandon okay?",حال برندون خوبه؟,وضع برونی خوبه؟
717,and we need a whole new branch of research,…و باید به تحقیقات جدید,و باید به تحقیقات جدید ادامه دهم
718,are those golf balls or baseballs?,اینا توپ گلف هستن یا توپ بیسبال؟,اینا یه توپ گلف یا یه توپ ساچمه؟
719,"you got this, kate.",از پیش برمیای کیت,از همان موقع به مین جا رفته بودم
720,"look, i can deal with some freaky stuff,",ببین من میتونم با چیزهای مزخرف کنار بیام,ببین من میتونم با چیزهای زشت در گوشه ای بیاد
721,until orcus moves into the house of gemini.,تا وقتی‌که سیارک اورانوس به سمت خونه برج فلکی جوزا حرکت نکنه,تا زمانی که هوراسک اورانوس به سمت خونه وارد شد، برج فلکی جولیا نیز برای اجرای دستور حاضر شد
722,"good heavens, man. what are you doing in the zone?",مرد بهشتی توی محدوده چیکار می‌کنی؟,مرد خاکی توی محدوده چیکار می کنی؟
723,"no, i got in a fight with archimedes about this.",نه، من درمورد این با ارشمیدس دعوا داشتم,نه، من در مورد این قضیه با ایراسفدس صحبت کردم
724,"joe, i have been here for who knows how long,",جو، من خیلی وقته اینجام,جو، من خیلی وقته ایجامب
725,uh...,…اه,...اه
726,"we see the hook on the radar, but...",…پژواک چنگکی رو روی رادار می‌بینیم اما,ولی ...پژواک چنگکی رو روی رادار می بینیم
727,"fuck, come on.",لعنتی,لعنتی
728,almost.,چیزی نموده,چیزی نشان می دهد
729,we don't have any other choice.,راه دیگه‌ای نداریم,راه دیگه ای نداریم
730,go on.,امتحان کن,امتحان کن
731,"well, now help him out sully.",خب کمکش کن سالی,خب، تبرئه کن سالی
732,"the military, they came up with portable units,",ارتش، نسخه قابل‌حمل این رو ساخته,نیروهای نظامی، نیم صفحه قابل حمل، این دستگاه را ساخته اند
733,it's a temperature inversion in the mid part of the lower atmosphere.,به وارونگی دما توی بخش میانی اتمسفر پایینی می‌گن,در طول دمای دما در بخش میانی اتمسیر پایین می گویم
734,"will you knock it off with the baby, kid?",میشه بیخیال بچهه بشی داش؟,ایا طفلکی حرف بدی زده؟
735,"moonwind, you gotta help me.",مون ویند، باید بهم کمک کنی,مون وویند، بايد به من کمک کنه
736,good idea. ah!,ایده خوبیه,یه راه خوب
737,i'm not strong like you are.,من مثل تو قوی نیستم,من مثل تو قوی نیستم
738,"i know. no, she's not.",". میدونم -. نه,اون نرفته -",- بله، او نرفته
739,maybe we could drop him and run.,شاید بهتر باشه بندازیمش جای بیمارستان و بریم,شاید بهتر باشه بگذاریم بجای بیمارستان بماند و بریم
740,riley is from michigan.,رایلی اهل میشیگانه,رایلی اهل میشیگانه
741,do you really think that i could be a mother?,تو واقعا فکر می‌کنی که من میتونم یه مادر شم؟,واقعا فکر می کنی که من میتونم یک مادرم شم باشم؟
742,he's dead. like what happened in there?,مرده. چی شده اونجا؟,مرده، اونجا چه خبره؟
743,hello? hello?,سلام؟ سلام؟,خوب؟ خوب؟
744,"no, going high. oh.",نه، بزن,نه، بزن
745,"if you feel it, chase it.",اگه حسش می‌کنی، تعقیبش کن,اگر حسش کنی، قبول کن
746,hey. mmm. jesus.,هی- همم. یا خدا-,هی، همم، یا خدا
747,"oh, it's bad.",خیلی بده,خیلی بده
748,"look, i don't like her words,",ببینید، از حرف‌هاش و اعمالش,ببینید، از حرف های او و از رفتار او
749,i loved him.,دوستش داشتم,دوست داشتم
750,it's spilling! we got to hurry!,! داره می‌ریزه! باید عجله کنیم,! داره تند می شه باید عجله کنیم
751,so he's your responsibility.,مسیولیتش با خودته,مسیولیه با خودته
752,"well, leigh's cosmopolitan now, and she understands this kind of thing.",خب، «لی» الان دنیا دیده‌شده، و خوب اینجور چرا رو میفهمه,خوب، تی، این دفعه دنیا دیده شد، خوب، این جور چیزها رو می فهمی
753,i don't want to see you struggle like that.,نمیخوام ببینم تو هم مثل اون جون می‌کنی,نمی خواهم ببینم که تو هم مثل اون جون هستی
754,guess we're listening to dandelions now.,فکر کنم دیگه قراره به حرف قاصدک‌ها گوش کنیم,فکر کن دیگه باید حرف های قاضی ها را بزنیم
755,joy! -give us your hand! come on.,شادی - دستت رو بده، زود باش -,خوش گذشت - زود باش -
756,when you burned him alive. - fuck you!,وقتی سوزوندیش - گه نخور -,وقتی سووکیتسو - گه ناکسر -
757,"strawberry, huh?",توت‌فرنگی؟,چربی سیر؟
758,you know what i'm talking about.,تو میدونی در مورد چی حرف می‌زنم,فهمیدم که در مورد چی حرف می زنم
759,i just wanted to get in some extra ice time.,صرفا خواستم یه‌کم بیش‌تر تمرین کنم,صرفا می خواهم بیشتر از همه برایم ترتیب دهم
760,that's great progress.,پیشرفت عالی ایه,عالیه
761,you came in at 3:00 in the morning.,تو ساعت ۳ صبح اومدی,ساعت ۳ صبح اومدیم
762,oh. so embarrassing.,اوه واقعا تاثیر گذار بود,اوه واقعا تحت تاثیر قرار گرفته بود
763,and that does what to the tornado?,و این چه بلایی سر گردباد میاره؟,و این چه بلندی سر گردباد میاره؟
764,huh?,هان؟,هان؟
765,we didn't smoke weed. [ chuckles ],. ما علف نکشیم,ما سیر و سیر هستیم
766,"wow, those guys are jerks.",وای، چقدر عوضی‌ان,بله، چه قدر قابل اعتمادی
767,we got extra weight on the chassis.,شاسی ماشین‌رو سنگین‌تر کردیم,ماشين ساسی بهتر شد
768,"okay, she forgot her sax. and now, all you, connie.",باشه، ساکسیفونش رو جا گذاشته «و الان تو» کانی,خوب، سکسیفون گذاشته شده «و الان تو» «چی
769,uh... -hey.,…اه - سلام -,اه - سلام
770,i'm a really good friend.,من دوست خیلی خوبی‌ام,من دوست دارم خیلی خوبم
771,"so, here's the plan.",پس، برنامه اینه,پس برنامه اینه
772,"let it go, let it go! come on, come on!",! ولش کن! ولش کن! زودباش! زودباش,! ولش کن، ولش کن، زودباش، زودباش
773,"and by the time i got to mentor number 266,",و وقتی مربی شماره ۲۶۶ اومد سراغم,و، وقتی که کاراگاه شماره ۲۶۶۷ ایلینگ هالئون
774,denton died in a fire in his office.,دنتون توی اتش‌سوزی در دفترش مرد,دنت توی دفترچه ی اتش سوزی رفته مرد
775,money first.,اول پول,اول پول
776,"jason, really, i am truly sorry.",",جیسون «,واقعا». صادقانه خیلی متاسفم",، سیسون، در واقع، عادلانه، خیلی متاسفم
777,"no, kate!",! نه، کیت,نه، کیی
778,let's go.,بالا,بالا
779,fuck me on this table like you did my brother.,روی این میز مثل به برادرم بهم بدی,مثل برادرم که به من بد نمیشه
780,um-- well--,ام …خب,ام ... خوب
781,look.,ببینید,ببینید
782,[ todd ] when are you leaving? okay.,کی میری؟ خوب,کی میریم؟ خوبه
783,cool. lead the way.,ایول. تو بیفتی جلو,ایول، تو جلو بیفت
784,i'm not asking you to. you have to go.,. من ازت نمیخوام -. تو باید بری -,من ازت نمی خواهم - باید بری کنم -
785,"it's flying at us, man!",! داره میاد سمت‌مون پسر,! اره طرف مون پسر
786,"yeah, i knew him.",اره میشناختمش,اره می دونیم
787,see you monday.,دوشنبه میبینمت,دوشنبه، خوب،
788,"thy rod and thy staff, they comfort me.",",عصایت و فرشتگانت. مرا اسوده می‌کنند",، گله ی بافتنی و فرشگنیت
789,and great at hockey.,هاکی‌باز ماهری هم هست,هارویی باز هم هست
790,{\an8}there they are.,اینجایی,اینجا
791,just because you're staying here...,فقط به این خاطر که تو اینجا موندی,فقط به این خاطر که تو اینجا موندی
792,ow.,اخ,ه ...ه
793,that's what life on earth is for.,زندگی روی زمین برای همینه,زندگی روی زمین برای همیسا
794,"i'm scared, joe.",من می‌ترسم جو,من فکر می کنم جو
795,[ laughs ] okay.,باشه,خوبه
796,yep. rain is what we need in the updraft.,اره. بارون چیزیه که توی جریان عمودی بهش نیاز داریم,اره، بارون چیزیه که در سیر و سیر نیمه ی نیمه ی غربی به نیازمندی هست
797,"great job, dark secret.",افرین راز تاریک,افسانه ی غم انگیز را تشریح کنید
798,"thank you, friends. i must...",. ممنون دوستان …من باید از حضورتون,متشکرم، دوستان ... من باید از حضورتون بروم
799,see if you can find a basement!,! ببین می‌تونی زیرزمینی چیزی پیدا کنی یا نه,! ببینید که می بینی توی سرزمینی چیزی پيدا می کنی یا نه
800,"okay, i'll tell 'em. got to go.",خیلی‌خب، بهشون می‌گم باید برم,خیلی خب، اونا را میگم، باید برم
801,i'm... gonna--,من باید,من باید
802,what?,چیه؟,چیه؟
803,it's around 4:00 p.m. now...,الان ساعت حدود ۴:۰۰,الان ساعت ۴:۰۰ است
804,you don't know how long it's gonna take you to get work up there.,تو نمیدونی چقدر طول میکشه که اونجا کار پیدا کنی,من نمیدونم که چقدر طول می کشه که اینجا کار پیدا می کنه
805,my pouch has just the thing to get us out of here.,توی کیفم یه چیزی هست که می‌شه باهاش از اینجا خارج شد,توی کیفشم، چیزی هست که با اونا از اینجا خارج بشه
806,but we got here as soon as we could.,ولی به محض اینکه تونستیم خودمونو رسوندیم اینجا,اما به محض اینکه تونستیم خودمو اینجا بفرستم
807,yeah.,اره,اره
808,"no, no, wait! no, no, no!",نه. نه وایسا. نه. نه,نه، نه، نه، نه، نه، نه
809,no. you're totally right.,نه، کاملا راست می‌گی,نه، کاملا راست می گی
810,are you okay?,خوبی؟,خوبه؟
811,oh. yeah.,اوه، بله,اه، بله
812,have i ever steered you wrong before?,تاحالا شده به اشتباه راهنماییت کنم؟,تا حالا به راهنمایی کردن من ختم شده؟
813,i don't know how to stop anxiety.,نمی‌دونم باید چطور جلوی اضطراب رو بگیریم,نمی دونم، باید چطوری جلوی اضطراب رو بگیریم
814,tell her about the fire hawks?,بهشون می‌گیم؟,انها گیج می شوند؟
815,"i don't like to work bloody, but guess what?",نمیخوام دستامو خونی کنم ولی حدس بزن چی,نمی خواهم منو خونه کنم، ولی خوب، بزن چطوری؟
816,"wait, you're right, i did.",عه اره، راست می‌گی,اره، راست می گی
817,you're right to quit. i learned about quitting...,حق داری انصراف …من درباره انصراف دادن یاد گرفتم,حق داری از من تقاضای استعفا کنی ... در مورد از دست دادن من یاد گرفتم
818,"my classes suck, so--",کلاس من افتضاحه …. بنابر این,کلاس من هیجان زده ... تحت فرمان این
819,are you okay?,تو حالت خوبه؟,حالت خوبه؟
820,"but you don't get the data with this,",…اما داده‌ها رو با این به دست نیاری,اما داده ها با این نگهبان
821,"javi, how's dorothy's gps?",خاوی، جی‌پی‌اس دوروتی چطوره؟,مری، جی پی اس دوریتی چطوره؟
822,how do they know that you're not?,از کجا میدونن که دروغ نمیگی؟,از کجا می دونی که نیش گوری؟
823,"all right, tyler, we got to make a choice.",خیلی‌خب تایلر باید تصمیم بگیریم,خیلی خب، تایلر باید تصمیم بگیریم
824,ignore that.,بهش توجه نکن,به ه ه توجه کن
825,"no hard feelings, right? all right.",حس بدی نداشته باش درسته؟,حس بدبختی را نیز مختل کرده؟
826,huh?,ها؟,ها؟
827,"i'm telling you, joe, it's pronounced yee-row.",دارم بهت میگم جو «تلفظ میشه» یی رو,من بهت میگم جو تلف می شه
828,not just denton.,فقط دنتون نه,فقط دنتن نه
829,i'm a good friend.,من دوست خوبی‌ام,من دوست خوبم
830,yeah! there we go!,اره! خودشه,اره، خودشه
831,problem solved.,مشکل حل شد,شکل حل شد
832,we just had tornado genesis.,همین الان گردباد به‌وجود اومد,همین الان چرباد وجود دارد
833,we'll have you back in no time.,ما فورا تو رو برمیگردونیم,ما فورا بریمیگردونیم
834,but circumstances intervened.,اما شرایط مانع میشه …,اما شرایط قابل تحمل نیست
835,where'd you get that?,اونو از کجا اوردی؟,او نو از کجا اوردی؟
836,gorgeous?,خوشگل چی؟,خوشگل چی؟
837,whoops. i got it.,فهمیدم,فهمیدم
838,really.,واقعا,واقعا
839,you did. up here.,خودت گفتی این بالا,خودت این بالا را گفتی
840,no. why? you should probably see mel.,نه، چرا؟ - احتمالا باید ببینیش,نه، چرا؟ - احتمالا باید بررسی کنم
841,"and i swear, the next thing i know...",…و قسم می‌خورم که انگار,و ...و به من بگو که فکر می کنم
842,remember we used to have addy check in?,یادته قبلا ادی رو می‌فرستادیم بره اتاق بگیره؟,یادت هست که قبلا ادیرو فرستادم که برو اتاق را بگیرد؟
843,no.,نه,نه
844,you guys used to have in his office.,که توی دفترش داشتین بهم گفت,که توی دفترچه اش یه چیزی به من گفته
845,"come on, riley. move those feet.",بالا رایلی، راه بیفت,بالای اتر ای، راه قطع شده
846,i got to get back to work.,باید برگردم سر کار,بايد زودتر بره سر کار
847,"joy, are you taking that",شادی، داری این رو می‌بری,خوشبختی، داری، داری، برو
848,"oh, no!",وای نه,بله نه
849,"no! you lied to me. stop, mel.",". نه! تو به من دروغ گفتی. «بس کن,» مل -",نه، تو به من حرف بدی زدی، گم شو
850,pipin' hot rumors right off the mill!,شایعات داغ تازه از اسیاب در اومدن,شایعات تند و تند از اساب در طول سفر
851,"hey, a few of us are just gonna hang out tonight,",هی، امشب چندتامون می‌خوایم دور هم جمع بشیم,هی، امشب چند تامون می خوایم دورتر از همدیگر باشیم
852,"yes! sadness, you could do it.",اره. غم، تو می‌تونی,اره، غم، تو می بینی
853,i know.,میدونم,فهمیدم
854,you can meet some of the other fire hawks.,می‌تونی با بقیه‌ی بچه‌های تیم اشنا باشی,با تمام بچه های تیم هیجان زده می شیم
855,"come on, let's go! log in.",حالا بجنب وارد شو,حالا زودتر وارد شو
856,"but i hadn't heard from you, so, you know,",اما هیچ خبری است نداشتم …برای همین می‌دونی,اما خبری نرسیده ...من همینطور می دونی
857,that's... good. good.,این خوبه …خوبه,خوبه ... خوبه
858,"to be inside a tornado, kate.",این‌طوریه کیت,اینطوری، کیست
859,maybe for you it is.,شاید برای شماست,شاید برای تو باشه
860,aren't those traitors dead to us?,بهتر نیست با اون خاین‌ها قطع رابطه کنیم؟,بهتر است با این دخترها رابطه را قطع کنند؟
861,"look, i... i... should really be getting back.",ببین، من …من …واقعا باید برگردم,ببین، من ...من ...در واقع باید برگردم
862,good boy. that's right.,افرین پسر خوب اره,طفل پرست، خوبه اره
863,"leigh, you're an adult.",". لی «,تو یه ادم بالغی»",تی «، تو یک ادم بالغی
864,put 'em on.,دوستت کن,دوست دارم
865,"i'm trying. - well, try harder.",دارم تلاش می‌کنم - خب، بیش‌تر تلاش کن -,من سعی می کنم - خب، بیشتر از این -
866,jeb! yep.,! جی - بله؟ -,جی - بله؟ -
867,"mom, i'm sorry that i was snarky about the addition--","مامان,متاسفم که درمورد …. افزایش",مامان، متاسفم که در مورد افزایش ...
868,"we usually talk about jazz,",معمولا درمورد جاز صحبت می‌کنیم,اغلب در مورد مجاز حرف می زنیم
869,"man, the ac's blowing hot air. no. i'm sorry.",کولر هم داره باد داغ می‌ده - نه، ببخشید -,- اره، خوب، خوب، حالا دیگه یه کمی تند تر می کنم
870,i thought for certain i was gonna fly.,مطمین بودم پرواز می‌کنم می‌رم توی گردباد,خوب، صدای منو قطع می کنم، توی گردباد می روم
871,"all right, guys, it's gonna be a long night.",خیلی‌خب بچه‌ها، شب طولانی‌ای در پیشه,خیلی خب بچه ها، شب طولانی من توی پیشاپیش
872,"oh! rocking the red, huh?",اوه! مش قرمز کردی، هان؟,اه، مو قرمز، تو را گم کردی، ها؟
873,22! don't you walk away from me.,! ۲۲ بدون من جایی نمیری,۲۲ بدون من، نروم
874,"isaac barsi with rosenberg, swinson and velasquez.",ایزاک بارسی از شرکت روزنبرگ، سوینسون و ولاسکز,ایزاک باروس از شرکت روزنبرگ، سوینسون و واترکول
875,i gotta get back to my gig.,باید برگردم پیش تیم,بایستی پیش تیم ها بروم
876,make a trade.,داد و ستد کن,داد و ستد کن
877,"make sure you stay hydrated, miss kamen.",حتما اب زیاد بخور خانم کمن,حتما اب لیس بانو کمن را می خوره
878,just like me.,مثل خودم …,مثل خودم ...
879,i'm sorry.,. متاسفم,متاسفم
880,maybe.,شاید,شاید
881,i don't know.,نمی‌دونم,نمی دونم
882,"no, no!",نه، نه,نه، نه
883,"and we heard thunder, and she shot up out of the tub",و صدای رعد و برق شنیدیم …و کیت از توی وان پرید بیرون,و و صدای برقی روشن و درخشان به گوش رسید و کیی از داخل ان وارد شد
884,sully won me with a pair of sixes.,سالی منو با یه جفت ۶ برد,سالی، منم با یه هفت هفت نفره
885,what's that blocking it?,اون چیه که جلوش رو گرفته؟,چطوری که تاپ رو گرفته؟
886,we don't get to choose who riley is.,ما نمی‌تونیم هویت ریالی رو تعیین کنیم,ما نمیتونیم حافظه ی مالی را بررسی کنیم
887,checking in on your baby.,به بچت سر بزنی,به بچه ی کوچولو، سر بزن
888,okay. okay. [ sobbing ],. باشه. باشه,خوبه، خوبه
889,okay. shh.,. خیلی خب. شش,خیلی خب، شش
890,i stopped by your mom's in sapulpa to check in.,رفتم سپالپا پیش مامانت تا حالت رو بپرسم,من رفتم سپاس پا پیش مامان تو تا حالت منو گم کن
891,and i've never been able to get it to change.,و من قادر نبودم که تغییرش بدم,و من نمی توانستم تغییر شکل بدم را بدم
892,it's how val made the team as a freshman.,وال از همین طریق توانست به عنوان یک سال اولی به تیم راه پیدا کنه,در این صورت، انسان به عنوان یک سال اول به تیم پیدا کردن راه ادامه می دهد
893,they would read your article and-- and... change their minds.,اونا باید مقالت رو بخون و …و نظرشون رو عوض کنن,باید مقاله را بخوانند و ...و نظرها را عوض کنند
894,absolutely nothing. mm-hmm.,مطمعنا هیچی,خوبه، هیچی
895,you will go to earth,…تو به زمین میری و,به زمین میریم
896,you got it?,اوردی؟,اوردی؟
897,doesn't this sound like that guy?,شبیه اون یارو نیست؟,شبیه اون یارو نیست؟
898,"no, i was on the phone with her from the bar.",نه. از بار باهاش پای تلفن بودم,نه، از بار با اونا پشت تلفن بودم
899,yeah.,اره,اره
900,and all those beliefs come together,و این باورها باهمدیگه,و این همه ی اذیت ها با جنبش و جنبش
901,i drink wine with on occasion.,هر از گاهی باهاش شراب می‌خورم,هر چند گاه با اونها شراب می خورم
902,do you know quid pro quo?,می‌دونید «به یر» یعنی چی؟,می دونید «به ایر» یعنی چی؟
903,it's okay. i drop things all the time.,. ایرادی نداره بابا واسه من هم زیاد پیش میاد,اصلا ربطی به من نداره، بابا، من هم خیلی پیش از ظهر بودم
904,"go for joy. copy that. over. oh, i love 'em!",. شادی به گوشم. دریافت شد، تمام وای عاشقشم,شادمانی به گوشم رسید، فهمیدم، تمام عشق من
905,remember that?,یادته؟,یادت هست؟
906,"all right, here. hey, ben, can you get me some water?",خیلی‌خب، بیا - هی بن، می‌شه یه‌خرده اب بهم بدی؟ -,خیلی خب، ببین، یه ذره اب داره به من بدی می کنه؟
907,"is this sort of what you do, mr. audrey?",این کارته اقای ادری؟,این کاردینال، اقای ادویه؟
908,"moonwind, how are ya?",مون ویند «(= باد ماه) حالت چطوره؟»,مون ون می گه وضعیت وضعیت چطوره؟
909,no. okay.,نه. خیلی‌خب,نه، خیلی خوبه
910,before y'all are done making a difference?,چند نفر دیگه باشید بمیرن؟,چند نفر دیگ برای رفع سرما خوردن؟
911,shit.,تف,تف کردن
912,one night there was a poker game.,یک شب یه بازی پوکر بود,یک شب یک بازی پوکر بود
913,"well, that butterfly began as a caterpillar.",خب اون پروانه، یه زمانی کرم ابریشم بوده,خوب، پروانه، یک زمانی ریشه کرم بود
914,while riley takes a breather.,دو دقیقه وقت داریم,دو دقيقه وقت داریم
915,why are you here? - listen.,چرا اینجایی؟ - گوش کن -,چرا اینجا؟ گوش کن
916,"all right, let's move, fellas.",خیلی‌خب، بیاید بریم رفقا,خیلی خب، بجنب، بریم، بریم
917,"bring it in, team.",بیاید اینجا بچه‌ها,بیا اینجا بچه ها
918,"no, don't look at that stuff. let's look over here.",نه، اونا رو ول‌کن بیا اینجا رو ببین,نه، اونا رو ول کن، بیا همون جا رو ببین
919,we build her a new sense of self.,براش یه هویت جدید ساختیم,یه موجود جدید ساخته شده
920,you're always in danger of losing due to budget cuts?,همه ش در خطر از دست دادن حقوقت بخاطر گم‌شدن چیزی هستی؟,همه چیز به خاطر گند زدن مالیات در خطر است؟
921,"oh, thanks, guys.",ممنون بچه‌ها,متشکرم بچه ها
922,why? what about sully?,چرا؟ سالی چی پس؟,چرا؟ سالی چی؟ پس؟
923,go!,! برو,! برو
924,okay.,باشه,خوبه
925,you ready? let's go!,اماده‌اید؟ -! برو بریم -,- حاضری؟ - برو بریم
926,"i mean, if you",…یعنی,...یعنی
927,we're professionals. - mm-hmm.,ما حرفه‌ایم,ما حرفه ایم
928,and stay away!,! و دور بودن,! و دور بودن
929,i'm ready to reach her.,امادم تا باهاش ارتباط برقرار کنم,اما من باید با اونها ارتباط برقرار کنم
930,you decide.,تصمیمش با خودته,تصمیم با خودته
931,i'll be right back. practise your scales.,الان بر می‌گردم روی مهارت هاتون تمرین کنید,حالا بریم روی مهارت هاتون ترتیب غذا رو می دهیم
932,"if you're too much of a pussy, just gimme the gun.",اگه اینقدر ترسویی اسلحه رو بده به خودم,اگه اینقدر اسلحه ی ترسناک به خودم بده
933,got my head stomped on by one too many bulls.,گاوها چند باری سرم رو لگد کردن,گاوها، یه کمی بیشتر داره کف دستم داره تیکه تیکه می شه
934,you're stoned.,تو سرسختی,تو یه جور گستاخی
935,let's go.,بریم,بریم
936,we need to evacuate this arena right now!,! باید همین الان این محدوده رو تخلیه کنیم,باید همین الان این محدوده رو خلع کنیم
937,i did it. i did it! i'm back.,! توانستم، توانستم! من برگشتم,! تونستم، تونستم، من برگشتم
938,i don't know nothing about no makeup.,فکر نمی‌کنم بشه جبرانش کرد,فکر نمی کنم مجازاتش کنه
939,you all right?,خوبی؟,خوبه؟
940,can't trust a thing she says.,نمی‌شه به یک کلمه از حرف‌هاش اعتماد کرد,نباید به یک کلمه از حرف های اونها اعتماد داشته باشی
941,i'm thinking there's no reason,احساس می‌کنم دلیلی نداره که,احساس می کنم دلیلی نداره که
942,dorothy can't tell you that. lagrangian mechanics.,دوروتی این رو نمی‌تونه تشخیص بده مکانیک لاگرانژی,لورنتی اصلا نمیتونه توضیح بده به مکانیک لاگرانی
943,"all right, how are we getting to this thing?",خیلی‌خب، چطور می‌خوایم باشد برسیم؟,خیلی خب، چطوری می خواهیم فرق کنیم؟
944,you need to settle down. if you keep this...,باید بشینی …اگه این,باید بشقاب بزنن ...اگه این
945,"but i feel, i feel fine.",ولی حس می‌کنم خوبم,ولی فکر می کنم خوبم
946,no way.,بی‌خیال,بی خیال
947,"oh, no. honey.",وای نه، عزیزم,نه، عزیزم
948,yeah! - yeah!,! اره -! اره -,اره - اره -
949,then get back to the club.,…بعد برگردم به,بعد از اینکه به اتاق برگشتم
950,she doesn't need to know. -objection.,لازم نیست بفهمه - اعتراض دارم -,لازم نیست حرفی بزنیم - اعتراضی دارم -
951,i'm nice. i'm mean.,. من مهربونم من بد جنسم,من عاشقم، من غمگینم، من غمگینم
952,"i know, somebody raises you,",میدونم. وقتی یکی بزرگت کنه,فهمیدم، وقتی که یکی از شما بزرگتر بشه
953,i'm not gay.,. من گرا نیستم,من اهل اخلاق نیستم
954,you know what i'm saying? i'm...,می‌فهمی چی میگم؟ …من,می فهمی چیه میگم؟ ...من
955,"waiting on you, lion.",منتظر تو هستیم شیر,انتظار داریم، بله، شیر
956,"nostalgia, you aren't supposed to be here yet.",نوستالژی، تو قرار نبود بیای,نوستالی، تو وضعیت خوبی نداشتی، بیایید
957,"okay. oh, shit. can anyone see me, do you think?",باشه، اوه، لعنتی، فکر می‌کنی کسی منو اینجا میبینه؟,خوب، لعنتی، فکر می کنی کسی منو اینجا می بینه؟
958,"or somebody else's thing, you know?",یا مال یکی دیگه رو؟ می‌فهمی؟,یا یه دیگه مالی؟ می فهمی؟
959,"oh, no...",وای نه,بله نه
960,"i'm fucking bleeding, man.",دارم خونریزی می‌کنم مرد,من خونریزی دارم، می خواهم مرد
961,"it's all happening too fast, you know.",خیلی زود داره اتفاق میفته متوجهی,خیلی زود اتفاق می افته که توجهی بهش پیدا کرده
962,"we could become a fire hawk, like, tomorrow.",می‌تونیم همین فردا عضو تیم شاهین‌های اتشین باشیم,نیمه شب، تیم شاهین های اتشین، عضو شدیم
963,"yeah. guys, i-- i really-- i wanna talk about this.","اره بچه‌ها من واقعا میخوام که در اینباره حرف بزنم …اره. بچه ها,من …من واقعا. میخوام دربارش حرف بزنم",اره بچه ها من واقعا می خواهم که در این باره حرف بزنم ... اره، بچه ها، من ... من ... من ... من ... من ... من ... من ... من ... من ... من ... من ... من ... من ... من ... من ... من ... من ... من ... من ... من ... من ... من ... من ... من ... من ... من ... من ... من ... من ... من ... من ... من ... من ... من ... من ... من ... من ... من ... من ... من ... من ... من ... من ... من ... من ... من ... من ... من ... من ... من ... من ... من ... من ... من ... من ... من ... من ... من ... من ... من ... من ... من ... من ... من ... من ... من ... من ... من ... من ... من ... من ... من ... من ... من ... من ... من ... من ... من ... من ... من ... من ... من ... من ... من ... من ... من ... من ... من ... من ... من ... من ... من ... من ... من ... من ... من ... من ... من ... من ... من ... من ... من ... من ... من ... من ... من ... من ... من ... من ... من ... من ... من ... من ... من ... من ... من ... من ... من ... من ... من ... من ... من ... من ... من ... من ... من ... من ... من ... من ... من ... من ... من ... من ... من ... من ... من ... من ... من ... من ... من ... من ... من ... من ... من ... من ... من ... من ... من ... من ... من ... من ... من ... من ... من ... من ... من ... من ... من ... من ... من ... من ... من ... من ... من ... من ... من ... من ... من ... من ... من ... من ... من ... من ... من ... من ... من ... من ... من ... من ... من ... من ... من ... من ... من ... من ... من ... من ... من ... من ... من ... من ... من ... من ... من ... من ... من ... من ... من ... من ... من ... من ... من ... من ... من ... من ... من ... من ... من ... من ... من ... من ... من ... من ... من ... من ... من ... من ... من ... من ... من ... من ... من ... من ... من ... من ... من ... من ... من ... من ... من ... من ... من ... من ... من ... من ... من ...
964,jeb!,! خب,خوب
965,robert edward audrey.,رابرت ادوارد ادری,رابرت ادوارد در اتاق
966,"oh, and you didn't happen to see the directions...",.. و تو این رو ندیدی,و تو هم همینطوری ندیدی
967,"the password is ""outofmyhouse""-- one word.",",پسووردم هست «outofmyhouse». چسبیده",پسر من، اهل خانه من هست
968,and stumble once in a while.,یه بار در یه دوره. اتفاقی به چیزی برخورد کنم,یک بار در یک دوران، تصادفی برای کسی پیش میاد
969,"leave it, leave it! come on, come on!",! ولش کن، ولش کن! زودباش، زودباش,! ولش کن، ولش کن، زودباش، زودباش
970,"but while we have her, ooh!",…اما تا پیش‌مونه,اما تا قبل از این اتفاق افتاد
971,with your dick.,.. با کارت,با کارت
972,we get right in front of that thing and set up our radar.,می‌ریم جلوی گردباد و رادارمون رو کار می‌ذاریم,ما جلوی گردباد میریم و رملیومون رو کار می کنیم
973,joy from headquarters?,شادی مرکز فرماندهی؟,شادمانی مرکز فرماندهی؟
974,what's gonna happen?,چه اتفاقی میخواد بیفته؟,چه اتفاقی می افتد؟
975,yeah?,اره؟,اره؟
976,one mississi...,…یک و یک,یک و یک
977,"now, stay your ass there.",حالا همینجا بدون,حالا همین جاست، بدون اینکه
978,she's the only one that can fix this.,اون تنها کسیه که میتونه درستش کنه,اون تنها کسیه که میتونه اذیتش کنه
979,"let's go, guys! let's go!",! بریم بچه‌ها! بریم,! بریم بچه ها، بریم
980,"he also told me about that, uh.",ضمنا بهم در مورد چیزم گفت,در ضمن به من در مورد چومیم گفت
981,"what do you mean, she was there with it?",منظورت چیه که اون باهاش بود؟,منظورت چیه که اون باهاش بود؟
982,"hey. we got to go, t.",هی، باید بریم تی,هی، باید تیم را روشن کنیم
983,"we'd go up to my mom's friend's, up in vermont.",ما به دیدن دوست مامانم توی ورمونت رفتیم,ما به دیدن مامانم دوستم در ورمونت رفتیم
984,her purpose. was it music? biology? walking?,جرقه‌اش، موسیقی بود؟ زیست؟ راه رفتن؟,صدای موزونی بود؟ زلف؟ راه رفتن؟
985,"hey, terry, what's that over there?",هی‌تری اونجا چیه؟,هی تری اونجا چیه؟
986,we're gonna have so much fun! -all right.,قراره کلی بهمون خوش بگذره - خیلی‌خب -,باید کلیی مامان را شاد و شاد بگذرانند - خیلی خب -
987,it's way better than here.,یه جورایی بهتر از اینجاست,اینجا یه جورایی بهتر از اینجاست
988,i'm from all over.,همه‌جاش سرای منه,همه جا، سرتای ما
989,what the fuck is this? - are you crazy?,این چیه؟ - دیوونه‌ای؟ -,این چیه؟ دیوونه ای؟
990,"ready for a little q&a, huh?",اماده بازجویی هستی؟,ایا برای تحقیق حاضره؟
991,i'm sorry for what happened.,بابت اتفاقی که افتاد متاسفم,با توجه به اتفاقی که افتاد متاسفم
992,"i- i just adopted him, so it's in the process.",به فرزندخواندگی گرفتمش برای همین زمان میبره,در همان زمان به خواندن طفل رفته ام
993,we'd have addy do it 'cause she was...,…می‌گفتیم ادی بره اتاق بگیره چون اون,ما گفتیم ادی برادر اتاق را می گیره ... چون اون
994,"i said, ""hands where i can see 'em.""",گفتم دستاتو بالا بگیر,گفتم دستت را بالا ببر
995,she looked like a swiss army knife. - you guys could come visit!,شبیه یه چاقوی ارتشی سوییسی می‌شد- شماها میتونین بیاین ملاقات-,مثل یک حمله نظامی نظامی سویسی می شین ین میتونی یه سفری ببینین
996,inside of a tornado to see if we can make it collapse.,داخل گردباد طراحی‌شده تا ببینیم می‌تونیم باعث فروپاشی باشیم یا نه,در درون گردباد طراحی شده تا بتوانم بفهمم که نیمی از این ها را به صورت بلغاری درست کنم یا نه
997,i offered you the tape.,…و چسب نواری دادم,چسب نواری را بگیرید، دادم
998,can you do this?,میتونی اینکارو کنی؟,میتونم این کار را بکنم؟
999,i'm not your teacher anymore.,من دیگه معلمت نیستم,من دیگه از دنیای گذشته متنفرم
